<?xml version="1.0" encoding="UTF-8"?>
<mule xmlns="http://www.mulesoft.org/schema/mule/core" xmlns:apikit="http://www.mulesoft.org/schema/mule/mule-apikit" xmlns:doc="http://www.mulesoft.org/schema/mule/documentation" xmlns:ee="http://www.mulesoft.org/schema/mule/ee/core" xmlns:http="http://www.mulesoft.org/schema/mule/http" xmlns:xsi="http://www.w3.org/2001/XMLSchema-instance" xsi:schemaLocation="http://www.mulesoft.org/schema/mule/core http://www.mulesoft.org/schema/mule/core/current/mule.xsd http://www.mulesoft.org/schema/mule/http http://www.mulesoft.org/schema/mule/http/current/mule-http.xsd http://www.mulesoft.org/schema/mule/mule-apikit http://www.mulesoft.org/schema/mule/mule-apikit/current/mule-apikit.xsd http://www.mulesoft.org/schema/mule/ee/core http://www.mulesoft.org/schema/mule/ee/core/current/mule-ee.xsd ">
       <flow name="first-country-lookup-system-api-main">
        <http:listener config-ref="apiHttpListenerConfig" path="/api/*">
            <http:response statusCode="#[vars.httpStatus default 200]">
                <http:headers><![CDATA[#[vars.outboundHeaders default {}]]]></http:headers>
            </http:response>
            <http:error-response statusCode="#[vars.httpStatus default 500]">
                <http:body><![CDATA[#[payload]]]></http:body>
                <http:headers><![CDATA[#[vars.outboundHeaders default {}]]]></http:headers>
            </http:error-response>
        </http:listener>
        <set-variable value="#[attributes.headers.&quot;correlation-id&quot; default correlationId]" doc:name="TransactionId" doc:id="aa2f0152-dfce-45e2-a908-acc21bcfd4ec" variableName="transactionId" />
        <apikit:router config-ref="first-country-lookup-system-api-config" />
    </flow>
    <flow name="first-country-lookup-system-api-console">
        <http:listener config-ref="apiHttpListenerConfig" path="/console/*">
            <http:response statusCode="#[vars.httpStatus default 200]">
                <http:headers><![CDATA[#[vars.outboundHeaders default {}]]]></http:headers>
            </http:response>
            <http:error-response statusCode="#[vars.httpStatus default 500]">
                <http:body><![CDATA[#[payload]]]></http:body>
                <http:headers><![CDATA[#[vars.outboundHeaders default {}]]]></http:headers>
            </http:error-response>
        </http:listener>
        <apikit:console config-ref="first-country-lookup-system-api-config" />
    </flow>
    <flow name="get:\alive:first-country-lookup-system-api-config">
        <flow-ref doc:name="ping_get-health" doc:id="550ffc51-2bd0-430f-8361-c65ca7dcdad6" name="ping_get-health" />
    </flow>
    <flow name="get:\getcountry:first-country-lookup-system-api-config">
		<flow-ref doc:name="implementation_get-country-name" doc:id="b97aaaf2-1be8-4300-a5cf-362b9d62605b" name="implementation_get-country-name"/>
    </flow>
</mule>
