<?xml version="1.0" encoding="UTF-8"?>

<mule xmlns:secure-properties="http://www.mulesoft.org/schema/mule/secure-properties"
	xmlns:vm="http://www.mulesoft.org/schema/mule/vm"
	xmlns:os="http://www.mulesoft.org/schema/mule/os"
	xmlns:ee="http://www.mulesoft.org/schema/mule/ee/core" xmlns:tls="http://www.mulesoft.org/schema/mule/tls"
	xmlns:apikit="http://www.mulesoft.org/schema/mule/mule-apikit"
	xmlns:http="http://www.mulesoft.org/schema/mule/http" xmlns="http://www.mulesoft.org/schema/mule/core" xmlns:doc="http://www.mulesoft.org/schema/mule/documentation" xmlns:xsi="http://www.w3.org/2001/XMLSchema-instance" xsi:schemaLocation="
http://www.mulesoft.org/schema/mule/vm http://www.mulesoft.org/schema/mule/vm/current/mule-vm.xsd 
http://www.mulesoft.org/schema/mule/mule-apikit http://www.mulesoft.org/schema/mule/mule-apikit/current/mule-apikit.xsd 
http://www.mulesoft.org/schema/mule/http http://www.mulesoft.org/schema/mule/http/current/mule-http.xsd http://www.mulesoft.org/schema/mule/core http://www.mulesoft.org/schema/mule/core/current/mule.xsd
http://www.mulesoft.org/schema/mule/tls http://www.mulesoft.org/schema/mule/tls/current/mule-tls.xsd
http://www.mulesoft.org/schema/mule/ee/core http://www.mulesoft.org/schema/mule/ee/core/current/mule-ee.xsd
http://www.mulesoft.org/schema/mule/os http://www.mulesoft.org/schema/mule/os/current/mule-os.xsd
http://www.mulesoft.org/schema/mule/secure-properties http://www.mulesoft.org/schema/mule/secure-properties/current/mule-secure-properties.xsd">
	
	 <http:listener-config name="apiHttpListenerConfig">
        <http:listener-connection host="0.0.0.0" port="${https.port}" protocol="HTTPS" tlsContext="tlsContext"/>
    </http:listener-config>
    <apikit:config name="first-country-lookup-system-api-config" api="resource::e6a18b1c-f006-4f53-ba57-15cd17f13f7a:first-country-lookup-system-api:1.0.3:raml:zip:first-country-lookup-system-api.raml" outboundHeadersMapName="outboundHeaders" httpStatusVarName="httpStatus" />
	<vm:config name="vmConfig" doc:name="VM Config" doc:id="3693b82d-e55c-4125-bafe-6f36cae62e70" >
		<vm:queues >
			<vm:queue queueName="SMS" />
			<vm:queue queueName="EMAIL" />
		</vm:queues>
	</vm:config>
	<configuration-properties doc:name="Configuration properties" doc:id="19f2e044-0604-4c8e-b8f3-b8f917522c01" file="config/config-${env}.yaml" />
	<tls:context name="tlsContext" doc:name="TLS Context" doc:id="b5519264-0d6e-431c-b384-e9dcb38fca07" >
		<tls:key-store type="pkcs12" path="${keystore.path}" alias="${keystore.alias}" keyPassword="${secure::keystore.keyPassword}" password="${secure::keystore.password}" />
	</tls:context>
	<ee:object-store-caching-strategy name="cachingStrategy" doc:name="Caching Strategy" doc:id="4393a459-1086-4368-928f-fe8d31e4aee7" keyGenerationExpression="#[vars.shippingcountryiso ++ vars.billingcountryiso]" objectStore="globalObjectStore"/>
	<os:object-store name="globalObjectStore" doc:name="Object store" doc:id="019e39e0-72d8-4946-8723-63b3c122f7a6" />
	<http:request-config name="HTTP_Request_configuration" doc:name="HTTP Request configuration" doc:id="fed779c8-80de-4858-8970-892cf9e3ea9d" >
		<http:request-connection host="${country-lookup.host}" port="${country-lookup.port}" protocol="HTTPS"/>
	</http:request-config>
	<configuration-properties doc:name="Configuration properties" doc:id="8b932a41-606c-4332-9dbc-4369068284fe" file="config\common.yaml" />
	<secure-properties:config name="Secure_Properties_Config" doc:name="Secure Properties Config" doc:id="31600ab9-6ebe-4c7c-8a0e-4f7a7253e277" file="config\secure-config-${env}.yaml" key="${encryptKey}">
		<secure-properties:encrypt algorithm="Blowfish" />
	</secure-properties:config>
	<configuration doc:name="Configuration" doc:id="ed4612ad-a439-4082-93a0-d79db5f69c45" defaultErrorHandler-ref="error-handler_common" />
	
	
	
</mule>
