<?xml version='1.0' encoding='UTF-8'?>
<types:mule xmlns:types="http://www.mulesoft.org/schema/mule/types">
  <types:catalog>
    <types:type name="auto_1b5e0101-2a76-4f80-8e0e-b0e9324d0729_Output-Payload" format="json">
      <types:shape format="weave" example="weave/autogenerated/1b5e0101-2a76-4f80-8e0e-b0e9324d0729/Output-Payload.wev" autogeneratedOrigin="b84c6b4d-693d-4e19-aeeb-e0d2749bbd41"><![CDATA[%dw 2.0

type auto_1b5e0101_2a76_4f80_8e0e_b0e9324d0729_Output_Payload = {
  number?: String, 
  phone?: String, 
  name: String, 
  shippingAddress?: {
    city?: String | Null, 
    countryIso?: String | Null, 
    street?: String | Null, 
    postalCode?: String | Null, 
    state?: String | Null, 
    _?: Any
  } {"description": "Shipping Account address"}, 
  billingAddress?: {
    city?: String | Null, 
    countryIso?: String | Null, 
    street?: String | Null, 
    postalCode?: String | Null, 
    state?: String | Null, 
    _?: Any
  } {"description": "Billing Account address"}, 
  fax?: String, 
  email: String, 
  _?: Any
}

]]></types:shape>
    </types:type>
    <types:type name="auto_1b5e0101-2a76-4f80-8e0e-b0e9324d0729_Input-Attributes" format="java">
      <types:shape format="weave" example="weave/autogenerated/1b5e0101-2a76-4f80-8e0e-b0e9324d0729/Input-Attributes.wev" autogeneratedOrigin="b84c6b4d-693d-4e19-aeeb-e0d2749bbd41"><![CDATA[%dw 2.0

type auto_1b5e0101_2a76_4f80_8e0e_b0e9324d0729_Input_Attributes = {|
  clientCertificate?: {|
    publicKey?: {|  |}, 
    "type"?: String, 
    encoded?: Binary
  |}, 
  headers: {|  |}, 
  listenerPath: String, 
  method: String, 
  queryParams: {|  |}, 
  queryString: String, 
  relativePath: String, 
  remoteAddress: String, 
  requestPath: String, 
  requestUri: String, 
  scheme: String, 
  uriParams: {|  |}, 
  version: String, 
  localAddress: String
|}

]]></types:shape>
    </types:type>
    <types:type name="auto_1b5e0101-2a76-4f80-8e0e-b0e9324d0729_Input-Variables-outboundHeaders" format="java">
      <types:shape format="weave" example="weave/autogenerated/1b5e0101-2a76-4f80-8e0e-b0e9324d0729/Input-Variables-outboundHeaders.wev" autogeneratedOrigin="b84c6b4d-693d-4e19-aeeb-e0d2749bbd41"><![CDATA[%dw 2.0

type auto_1b5e0101_2a76_4f80_8e0e_b0e9324d0729_Input_Variables_outboundHeaders = {|  |}

]]></types:shape>
    </types:type>
    <types:type name="auto_1b5e0101-2a76-4f80-8e0e-b0e9324d0729_Input-Variables-httpStatus" format="java">
      <types:shape format="raml" autogeneratedOrigin="b84c6b4d-693d-4e19-aeeb-e0d2749bbd41"><![CDATA[#%RAML 1.0 DataType
type: string]]></types:shape>
    </types:type>
    <types:type name="auto_1b5e0101-2a76-4f80-8e0e-b0e9324d0729_Output-Variables-httpStatus" format="java">
      <types:shape format="raml" autogeneratedOrigin="b84c6b4d-693d-4e19-aeeb-e0d2749bbd41"><![CDATA[#%RAML 1.0 DataType
type: string]]></types:shape>
    </types:type>
    <types:type name="auto_1b5e0101-2a76-4f80-8e0e-b0e9324d0729_Output-Variables-outboundHeaders" format="java">
      <types:shape format="weave" example="weave/autogenerated/1b5e0101-2a76-4f80-8e0e-b0e9324d0729/Output-Variables-outboundHeaders.wev" autogeneratedOrigin="b84c6b4d-693d-4e19-aeeb-e0d2749bbd41"><![CDATA[%dw 2.0

type auto_1b5e0101_2a76_4f80_8e0e_b0e9324d0729_Output_Variables_outboundHeaders = {|  |}

]]></types:shape>
    </types:type>
    <types:type name="auto_1b5e0101-2a76-4f80-8e0e-b0e9324d0729_Input-Payload" format="json">
      <types:shape format="weave" example="weave/autogenerated/1b5e0101-2a76-4f80-8e0e-b0e9324d0729/Input-Payload.wev" autogeneratedOrigin="b84c6b4d-693d-4e19-aeeb-e0d2749bbd41"><![CDATA[%dw 2.0

type auto_1b5e0101_2a76_4f80_8e0e_b0e9324d0729_Input_Payload = {
  number?: String, 
  phone?: String, 
  name: String, 
  shippingAddress?: {
    city?: String | Null, 
    countryIso?: String | Null, 
    street?: String | Null, 
    postalCode?: String | Null, 
    state?: String | Null, 
    _?: Any
  } {"description": "Shipping Account address"}, 
  billingAddress?: {
    city?: String | Null, 
    countryIso?: String | Null, 
    street?: String | Null, 
    postalCode?: String | Null, 
    state?: String | Null, 
    _?: Any
  } {"description": "Billing Account address"}, 
  fax?: String, 
  email: String, 
  _?: Any
}

]]></types:shape>
    </types:type>
    <types:type name="auto_1b5e0101-2a76-4f80-8e0e-b0e9324d0729_Output-Attributes" format="java">
      <types:shape format="weave" example="weave/autogenerated/1b5e0101-2a76-4f80-8e0e-b0e9324d0729/Output-Attributes.wev" autogeneratedOrigin="b84c6b4d-693d-4e19-aeeb-e0d2749bbd41"><![CDATA[%dw 2.0

type auto_1b5e0101_2a76_4f80_8e0e_b0e9324d0729_Output_Attributes = {|
  clientCertificate?: {|
    publicKey?: {|  |}, 
    "type"?: String, 
    encoded?: Binary
  |}, 
  headers: {|  |}, 
  listenerPath: String, 
  method: String, 
  queryParams: {|  |}, 
  queryString: String, 
  relativePath: String, 
  remoteAddress: String, 
  requestPath: String, 
  requestUri: String, 
  scheme: String, 
  uriParams: {|  |}, 
  version: String, 
  localAddress: String
|}

]]></types:shape>
    </types:type>
    <types:type name="auto_ed875a3b-358c-4ca6-b63a-7155a33bd1a4_Input-Payload" format="java">
      <types:shape format="weave" example="weave/autogenerated/ed875a3b-358c-4ca6-b63a-7155a33bd1a4/Input-Payload.wev" autogeneratedOrigin="e268d38b-9a31-4834-b903-6e12d5ac8fb3"><![CDATA[%dw 2.0

type auto_ed875a3b_358c_4ca6_b63a_7155a33bd1a4_Input_Payload = Any

]]></types:shape>
    </types:type>
    <types:type name="auto_ed875a3b-358c-4ca6-b63a-7155a33bd1a4_Input-Attributes" format="java">
      <types:shape format="weave" example="weave/autogenerated/ed875a3b-358c-4ca6-b63a-7155a33bd1a4/Input-Attributes.wev" autogeneratedOrigin="e268d38b-9a31-4834-b903-6e12d5ac8fb3"><![CDATA[%dw 2.0

type auto_ed875a3b_358c_4ca6_b63a_7155a33bd1a4_Input_Attributes = {|
  clientCertificate?: {|
    publicKey?: {|  |}, 
    "type"?: String, 
    encoded?: Binary
  |}, 
  headers: {|  |}, 
  listenerPath: String, 
  method: String, 
  queryParams: {| checkDependencies?: Boolean |}, 
  queryString: String, 
  relativePath: String, 
  remoteAddress: String, 
  requestPath: String, 
  requestUri: String, 
  scheme: String, 
  uriParams: {|  |}, 
  version: String, 
  localAddress: String
|}

]]></types:shape>
    </types:type>
    <types:type name="auto_ed875a3b-358c-4ca6-b63a-7155a33bd1a4_Input-Variables-outboundHeaders" format="java">
      <types:shape format="weave" example="weave/autogenerated/ed875a3b-358c-4ca6-b63a-7155a33bd1a4/Input-Variables-outboundHeaders.wev" autogeneratedOrigin="e268d38b-9a31-4834-b903-6e12d5ac8fb3"><![CDATA[%dw 2.0

type auto_ed875a3b_358c_4ca6_b63a_7155a33bd1a4_Input_Variables_outboundHeaders = {|  |}

]]></types:shape>
    </types:type>
    <types:type name="auto_ed875a3b-358c-4ca6-b63a-7155a33bd1a4_Output-Payload" format="json">
      <types:shape format="weave" example="weave/autogenerated/ed875a3b-358c-4ca6-b63a-7155a33bd1a4/Output-Payload.wev" autogeneratedOrigin="e268d38b-9a31-4834-b903-6e12d5ac8fb3"><![CDATA[%dw 2.0

type auto_ed875a3b_358c_4ca6_b63a_7155a33bd1a4_Output_Payload = {|
  status: "OFFLINE" | "DEGRADED" | "OK", 
  apiName: String, 
  apiVersion: String, 
  dependencies?: Array<{|    name: String,     status: String  |}> | Null
|}

]]></types:shape>
    </types:type>
    <types:type name="auto_ed875a3b-358c-4ca6-b63a-7155a33bd1a4_Output-Attributes" format="java">
      <types:shape format="weave" example="weave/autogenerated/ed875a3b-358c-4ca6-b63a-7155a33bd1a4/Output-Attributes.wev" autogeneratedOrigin="e268d38b-9a31-4834-b903-6e12d5ac8fb3"><![CDATA[%dw 2.0

type auto_ed875a3b_358c_4ca6_b63a_7155a33bd1a4_Output_Attributes = {|
  clientCertificate?: {|
    publicKey?: {|  |}, 
    "type"?: String, 
    encoded?: Binary
  |}, 
  headers: {|  |}, 
  listenerPath: String, 
  method: String, 
  queryParams: {| checkDependencies?: Boolean |}, 
  queryString: String, 
  relativePath: String, 
  remoteAddress: String, 
  requestPath: String, 
  requestUri: String, 
  scheme: String, 
  uriParams: {|  |}, 
  version: String, 
  localAddress: String
|}

]]></types:shape>
    </types:type>
    <types:type name="auto_ed875a3b-358c-4ca6-b63a-7155a33bd1a4_Output-Variables-sysCheckHost" format="java">
      <types:shape format="raml" autogeneratedOrigin="e268d38b-9a31-4834-b903-6e12d5ac8fb3"><![CDATA[#%RAML 1.0 DataType
type: string]]></types:shape>
    </types:type>
    <types:type name="auto_ed875a3b-358c-4ca6-b63a-7155a33bd1a4_Output-Variables-backendSystemStatus" format="java">
      <types:shape format="raml" autogeneratedOrigin="e268d38b-9a31-4834-b903-6e12d5ac8fb3"><![CDATA[#%RAML 1.0 DataType
type: string]]></types:shape>
    </types:type>
    <types:type name="auto_ed875a3b-358c-4ca6-b63a-7155a33bd1a4_Output-Variables-httpStatus" format="java">
      <types:shape format="raml" autogeneratedOrigin="e268d38b-9a31-4834-b903-6e12d5ac8fb3"><![CDATA[#%RAML 1.0 DataType
type: string]]></types:shape>
    </types:type>
    <types:type name="auto_ed875a3b-358c-4ca6-b63a-7155a33bd1a4_Output-Variables-checkDependencies" format="java">
      <types:shape format="weave" example="weave/autogenerated/ed875a3b-358c-4ca6-b63a-7155a33bd1a4/Output-Variables-checkDependencies.wev" autogeneratedOrigin="e268d38b-9a31-4834-b903-6e12d5ac8fb3"><![CDATA[%dw 2.0

type auto_ed875a3b_358c_4ca6_b63a_7155a33bd1a4_Output_Variables_checkDependencies = Any

]]></types:shape>
    </types:type>
    <types:type name="auto_ed875a3b-358c-4ca6-b63a-7155a33bd1a4_Output-Variables-outboundHeaders" format="java">
      <types:shape format="weave" example="weave/autogenerated/ed875a3b-358c-4ca6-b63a-7155a33bd1a4/Output-Variables-outboundHeaders.wev" autogeneratedOrigin="e268d38b-9a31-4834-b903-6e12d5ac8fb3"><![CDATA[%dw 2.0

type auto_ed875a3b_358c_4ca6_b63a_7155a33bd1a4_Output_Variables_outboundHeaders = {|  |}

]]></types:shape>
    </types:type>
    <types:type name="auto_193ded90-bed4-43c1-8215-8edb6eb64eaa_Input-Variables-httpStatus" format="java">
      <types:shape format="weave" example="weave/autogenerated/193ded90-bed4-43c1-8215-8edb6eb64eaa/Input-Variables-httpStatus.wev" autogeneratedOrigin="362ab8a4-a7d1-4a8a-a8e6-45183904d467"><![CDATA[%dw 2.0

type auto_193ded90_bed4_43c1_8215_8edb6eb64eaa_Input_Variables_httpStatus = Null

]]></types:shape>
    </types:type>
    <types:type name="auto_193ded90-bed4-43c1-8215-8edb6eb64eaa_Output-Variables-httpStatus" format="java">
      <types:shape format="raml" autogeneratedOrigin="362ab8a4-a7d1-4a8a-a8e6-45183904d467"><![CDATA[#%RAML 1.0 DataType
type: number]]></types:shape>
    </types:type>
  </types:catalog>
  <types:enrichment select="#1b5e0101-2a76-4f80-8e0e-b0e9324d0729">
    <types:processor-declaration>
      <types:input-event>
        <types:message>
          <types:payload type="auto_1b5e0101-2a76-4f80-8e0e-b0e9324d0729_Input-Payload"/>
          <types:attributes type="auto_1b5e0101-2a76-4f80-8e0e-b0e9324d0729_Input-Attributes"/>
        </types:message>
        <types:variables>
          <types:variable name="outboundHeaders" type="auto_1b5e0101-2a76-4f80-8e0e-b0e9324d0729_Input-Variables-outboundHeaders"/>
          <types:variable name="httpStatus" type="auto_1b5e0101-2a76-4f80-8e0e-b0e9324d0729_Input-Variables-httpStatus"/>
        </types:variables>
      </types:input-event>
      <types:output-event>
        <types:message>
          <types:payload type="auto_1b5e0101-2a76-4f80-8e0e-b0e9324d0729_Output-Payload"/>
          <types:attributes type="auto_1b5e0101-2a76-4f80-8e0e-b0e9324d0729_Output-Attributes"/>
        </types:message>
        <types:variables>
          <types:variable name="outboundHeaders" type="auto_1b5e0101-2a76-4f80-8e0e-b0e9324d0729_Output-Variables-outboundHeaders"/>
          <types:variable name="httpStatus" type="auto_1b5e0101-2a76-4f80-8e0e-b0e9324d0729_Output-Variables-httpStatus"/>
        </types:variables>
      </types:output-event>
    </types:processor-declaration>
  </types:enrichment>
  <types:enrichment select="#8d40f614-0193-43f8-ae1d-8a7e10bd0dd9"/>
  <types:enrichment select="#ed875a3b-358c-4ca6-b63a-7155a33bd1a4">
    <types:processor-declaration>
      <types:input-event>
        <types:message>
          <types:payload type="auto_ed875a3b-358c-4ca6-b63a-7155a33bd1a4_Input-Payload"/>
          <types:attributes type="auto_ed875a3b-358c-4ca6-b63a-7155a33bd1a4_Input-Attributes"/>
        </types:message>
        <types:variables>
          <types:variable name="outboundHeaders" type="auto_ed875a3b-358c-4ca6-b63a-7155a33bd1a4_Input-Variables-outboundHeaders"/>
        </types:variables>
      </types:input-event>
      <types:output-event>
        <types:message>
          <types:payload type="auto_ed875a3b-358c-4ca6-b63a-7155a33bd1a4_Output-Payload"/>
          <types:attributes type="auto_ed875a3b-358c-4ca6-b63a-7155a33bd1a4_Output-Attributes"/>
        </types:message>
        <types:variables>
          <types:variable name="sysCheckHost" type="auto_ed875a3b-358c-4ca6-b63a-7155a33bd1a4_Output-Variables-sysCheckHost"/>
          <types:variable name="outboundHeaders" type="auto_ed875a3b-358c-4ca6-b63a-7155a33bd1a4_Output-Variables-outboundHeaders"/>
          <types:variable name="backendSystemStatus" type="auto_ed875a3b-358c-4ca6-b63a-7155a33bd1a4_Output-Variables-backendSystemStatus"/>
          <types:variable name="httpStatus" type="auto_ed875a3b-358c-4ca6-b63a-7155a33bd1a4_Output-Variables-httpStatus"/>
          <types:variable name="checkDependencies" type="auto_ed875a3b-358c-4ca6-b63a-7155a33bd1a4_Output-Variables-checkDependencies"/>
        </types:variables>
      </types:output-event>
    </types:processor-declaration>
  </types:enrichment>
  <types:enrichment select="#193ded90-bed4-43c1-8215-8edb6eb64eaa">
    <types:processor-declaration>
      <types:input-event>
        <types:variables>
          <types:variable name="httpStatus" type="auto_193ded90-bed4-43c1-8215-8edb6eb64eaa_Input-Variables-httpStatus"/>
        </types:variables>
      </types:input-event>
      <types:output-event>
        <types:variables>
          <types:variable name="httpStatus" type="auto_193ded90-bed4-43c1-8215-8edb6eb64eaa_Output-Variables-httpStatus"/>
        </types:variables>
      </types:output-event>
    </types:processor-declaration>
  </types:enrichment>
</types:mule>