<?xml version='1.0' encoding='UTF-8'?>
<types:mule xmlns:types="http://www.mulesoft.org/schema/mule/types">
  <types:catalog>
    <types:type name="auto_a277924d-fce7-4b1e-8bc8-a3aee99f8878_Output-Payload" format="json">
      <types:shape format="weave" example="weave/autogenerated/a277924d-fce7-4b1e-8bc8-a3aee99f8878/Output-Payload.wev" autogeneratedOrigin="550ffc51-2bd0-430f-8361-c65ca7dcdad6"><![CDATA[%dw 2.0

type auto_a277924d_fce7_4b1e_8bc8_a3aee99f8878_Output_Payload = {
  apiName: String, 
  apiVersion: String, 
  status: "DEGRADED" | "OK" | "OFFLINE", 
  timestamp: String, 
  dependencies?: Array<{    name: String,     status: "DOWN" | "ERROR" | "UP",     _?: Any  } {"description": "Represents a dependency status result for ping responses"}> {"description": "Optional list of connections this API is dependent upon"}, 
  _?: Any
} {"description": "Represents a standard response structure for API health checks"}

]]></types:shape>
    </types:type>
    <types:type name="auto_a277924d-fce7-4b1e-8bc8-a3aee99f8878_Input-Payload" format="java">
      <types:shape format="weave" example="weave/autogenerated/a277924d-fce7-4b1e-8bc8-a3aee99f8878/Input-Payload.wev" autogeneratedOrigin="550ffc51-2bd0-430f-8361-c65ca7dcdad6"><![CDATA[%dw 2.0

type auto_a277924d_fce7_4b1e_8bc8_a3aee99f8878_Input_Payload = Any

]]></types:shape>
    </types:type>
    <types:type name="auto_a277924d-fce7-4b1e-8bc8-a3aee99f8878_Output-Attributes" format="java">
      <types:shape format="weave" example="weave/autogenerated/a277924d-fce7-4b1e-8bc8-a3aee99f8878/Output-Attributes.wev" autogeneratedOrigin="550ffc51-2bd0-430f-8361-c65ca7dcdad6"><![CDATA[%dw 2.0

type auto_a277924d_fce7_4b1e_8bc8_a3aee99f8878_Output_Attributes = {|
  clientCertificate?: {|
    publicKey?: {|  |}, 
    "type"?: String, 
    encoded?: Binary
  |}, 
  headers: {|  |}, 
  listenerPath: String, 
  method: String, 
  queryParams: {| checkDependencies?: Boolean |}, 
  queryString: String, 
  relativePath: String, 
  remoteAddress: String, 
  requestPath: String, 
  requestUri: String, 
  scheme: String, 
  uriParams: {|  |}, 
  version: String, 
  localAddress: String
|}

]]></types:shape>
    </types:type>
    <types:type name="auto_a277924d-fce7-4b1e-8bc8-a3aee99f8878_Output-Variables-checkDependencies" format="java">
      <types:shape format="weave" example="weave/autogenerated/a277924d-fce7-4b1e-8bc8-a3aee99f8878/Output-Variables-checkDependencies.wev" autogeneratedOrigin="550ffc51-2bd0-430f-8361-c65ca7dcdad6"><![CDATA[%dw 2.0

type auto_a277924d_fce7_4b1e_8bc8_a3aee99f8878_Output_Variables_checkDependencies = Any

]]></types:shape>
    </types:type>
    <types:type name="auto_a277924d-fce7-4b1e-8bc8-a3aee99f8878_Output-Variables-dependencyList" format="java">
      <types:shape format="weave" example="weave/autogenerated/a277924d-fce7-4b1e-8bc8-a3aee99f8878/Output-Variables-dependencyList.wev" autogeneratedOrigin="550ffc51-2bd0-430f-8361-c65ca7dcdad6"><![CDATA[%dw 2.0

type auto_a277924d_fce7_4b1e_8bc8_a3aee99f8878_Output_Variables_dependencyList = Null

]]></types:shape>
    </types:type>
    <types:type name="auto_a277924d-fce7-4b1e-8bc8-a3aee99f8878_Output-Variables-outboundHeaders" format="java">
      <types:shape format="weave" example="weave/autogenerated/a277924d-fce7-4b1e-8bc8-a3aee99f8878/Output-Variables-outboundHeaders.wev" autogeneratedOrigin="550ffc51-2bd0-430f-8361-c65ca7dcdad6"><![CDATA[%dw 2.0

type auto_a277924d_fce7_4b1e_8bc8_a3aee99f8878_Output_Variables_outboundHeaders = {|  |}

]]></types:shape>
    </types:type>
    <types:type name="auto_a277924d-fce7-4b1e-8bc8-a3aee99f8878_Input-Variables-outboundHeaders" format="java">
      <types:shape format="weave" example="weave/autogenerated/a277924d-fce7-4b1e-8bc8-a3aee99f8878/Input-Variables-outboundHeaders.wev" autogeneratedOrigin="550ffc51-2bd0-430f-8361-c65ca7dcdad6"><![CDATA[%dw 2.0

type auto_a277924d_fce7_4b1e_8bc8_a3aee99f8878_Input_Variables_outboundHeaders = {|  |}

]]></types:shape>
    </types:type>
    <types:type name="auto_a277924d-fce7-4b1e-8bc8-a3aee99f8878_Output-Variables-httpStatus" format="java">
      <types:shape format="raml" autogeneratedOrigin="550ffc51-2bd0-430f-8361-c65ca7dcdad6"><![CDATA[#%RAML 1.0 DataType
type: string]]></types:shape>
    </types:type>
    <types:type name="auto_a277924d-fce7-4b1e-8bc8-a3aee99f8878_Input-Attributes" format="java">
      <types:shape format="weave" example="weave/autogenerated/a277924d-fce7-4b1e-8bc8-a3aee99f8878/Input-Attributes.wev" autogeneratedOrigin="550ffc51-2bd0-430f-8361-c65ca7dcdad6"><![CDATA[%dw 2.0

type auto_a277924d_fce7_4b1e_8bc8_a3aee99f8878_Input_Attributes = {|
  clientCertificate?: {|
    publicKey?: {|  |}, 
    "type"?: String, 
    encoded?: Binary
  |}, 
  headers: {|  |}, 
  listenerPath: String, 
  method: String, 
  queryParams: {| checkDependencies?: Boolean |}, 
  queryString: String, 
  relativePath: String, 
  remoteAddress: String, 
  requestPath: String, 
  requestUri: String, 
  scheme: String, 
  uriParams: {|  |}, 
  version: String, 
  localAddress: String
|}

]]></types:shape>
    </types:type>
    <types:type name="auto_a32f839d-5c77-4d7a-b929-3332c8ca04cc_Input-Payload" format="java">
      <types:shape format="weave" example="weave/autogenerated/a32f839d-5c77-4d7a-b929-3332c8ca04cc/Input-Payload.wev" autogeneratedOrigin="b97aaaf2-1be8-4300-a5cf-362b9d62605b"><![CDATA[%dw 2.0

type auto_a32f839d_5c77_4d7a_b929_3332c8ca04cc_Input_Payload = Any

]]></types:shape>
    </types:type>
    <types:type name="auto_a32f839d-5c77-4d7a-b929-3332c8ca04cc_Input-Attributes" format="java">
      <types:shape format="weave" example="weave/autogenerated/a32f839d-5c77-4d7a-b929-3332c8ca04cc/Input-Attributes.wev" autogeneratedOrigin="b97aaaf2-1be8-4300-a5cf-362b9d62605b"><![CDATA[%dw 2.0

type auto_a32f839d_5c77_4d7a_b929_3332c8ca04cc_Input_Attributes = {|
  clientCertificate?: {|
    publicKey?: {|  |}, 
    "type"?: String, 
    encoded?: Binary
  |}, 
  headers: {|  |}, 
  listenerPath: String, 
  method: String, 
  queryParams: {| countryIso: String |}, 
  queryString: String, 
  relativePath: String, 
  remoteAddress: String, 
  requestPath: String, 
  requestUri: String, 
  scheme: String, 
  uriParams: {|  |}, 
  version: String, 
  localAddress: String
|}

]]></types:shape>
    </types:type>
    <types:type name="auto_a32f839d-5c77-4d7a-b929-3332c8ca04cc_Input-Variables-outboundHeaders" format="java">
      <types:shape format="weave" example="weave/autogenerated/a32f839d-5c77-4d7a-b929-3332c8ca04cc/Input-Variables-outboundHeaders.wev" autogeneratedOrigin="b97aaaf2-1be8-4300-a5cf-362b9d62605b"><![CDATA[%dw 2.0

type auto_a32f839d_5c77_4d7a_b929_3332c8ca04cc_Input_Variables_outboundHeaders = {|  |}

]]></types:shape>
    </types:type>
    <types:type name="auto_a32f839d-5c77-4d7a-b929-3332c8ca04cc_Input-Variables-httpStatus" format="java">
      <types:shape format="raml" autogeneratedOrigin="b97aaaf2-1be8-4300-a5cf-362b9d62605b"><![CDATA[#%RAML 1.0 DataType
type: string]]></types:shape>
    </types:type>
    <types:type name="auto_a32f839d-5c77-4d7a-b929-3332c8ca04cc_Output-Payload" format="json">
      <types:shape format="weave" example="weave/autogenerated/a32f839d-5c77-4d7a-b929-3332c8ca04cc/Output-Payload.wev" autogeneratedOrigin="b97aaaf2-1be8-4300-a5cf-362b9d62605b"><![CDATA[%dw 2.0

type auto_a32f839d_5c77_4d7a_b929_3332c8ca04cc_Output_Payload = { _?: Any }

]]></types:shape>
    </types:type>
    <types:type name="auto_a32f839d-5c77-4d7a-b929-3332c8ca04cc_Output-Attributes" format="java">
      <types:shape format="weave" example="weave/autogenerated/a32f839d-5c77-4d7a-b929-3332c8ca04cc/Output-Attributes.wev" autogeneratedOrigin="b97aaaf2-1be8-4300-a5cf-362b9d62605b"><![CDATA[%dw 2.0

type auto_a32f839d_5c77_4d7a_b929_3332c8ca04cc_Output_Attributes = {|
  statusCode: Number, 
  reasonPhrase: String, 
  headers: { _?: String }
|} {"typeAlias": "HttpResponseAttributes",
"typeId": "org.mule.extension.http.api.HttpResponseAttributes"}

]]></types:shape>
    </types:type>
    <types:type name="auto_a32f839d-5c77-4d7a-b929-3332c8ca04cc_Output-Variables-countryIso" format="java">
      <types:shape format="weave" example="weave/autogenerated/a32f839d-5c77-4d7a-b929-3332c8ca04cc/Output-Variables-countryIso.wev" autogeneratedOrigin="b97aaaf2-1be8-4300-a5cf-362b9d62605b"><![CDATA[%dw 2.0

type auto_a32f839d_5c77_4d7a_b929_3332c8ca04cc_Output_Variables_countryIso = Any

]]></types:shape>
    </types:type>
    <types:type name="auto_a32f839d-5c77-4d7a-b929-3332c8ca04cc_Output-Variables-outboundHeaders" format="java">
      <types:shape format="weave" example="weave/autogenerated/a32f839d-5c77-4d7a-b929-3332c8ca04cc/Output-Variables-outboundHeaders.wev" autogeneratedOrigin="b97aaaf2-1be8-4300-a5cf-362b9d62605b"><![CDATA[%dw 2.0

type auto_a32f839d_5c77_4d7a_b929_3332c8ca04cc_Output_Variables_outboundHeaders = {|  |}

]]></types:shape>
    </types:type>
    <types:type name="auto_a32f839d-5c77-4d7a-b929-3332c8ca04cc_Output-Variables-httpStatus" format="java">
      <types:shape format="raml" autogeneratedOrigin="b97aaaf2-1be8-4300-a5cf-362b9d62605b"><![CDATA[#%RAML 1.0 DataType
type: string]]></types:shape>
    </types:type>
    <types:type name="auto_193ded90-bed4-43c1-8215-8edb6eb64eaa_Input-Variables-httpStatus" format="java">
      <types:shape format="weave" example="weave/autogenerated/193ded90-bed4-43c1-8215-8edb6eb64eaa/Input-Variables-httpStatus.wev" autogeneratedOrigin="6a61610d-83ec-4298-97b3-6b2664341f3b"><![CDATA[%dw 2.0

type auto_193ded90_bed4_43c1_8215_8edb6eb64eaa_Input_Variables_httpStatus = Null

]]></types:shape>
    </types:type>
    <types:type name="auto_193ded90-bed4-43c1-8215-8edb6eb64eaa_Output-Variables-httpStatus" format="java">
      <types:shape format="raml" autogeneratedOrigin="6a61610d-83ec-4298-97b3-6b2664341f3b"><![CDATA[#%RAML 1.0 DataType
type: number]]></types:shape>
    </types:type>
  </types:catalog>
  <types:enrichment select="#a277924d-fce7-4b1e-8bc8-a3aee99f8878">
    <types:processor-declaration>
      <types:input-event>
        <types:message>
          <types:payload type="auto_a277924d-fce7-4b1e-8bc8-a3aee99f8878_Input-Payload"/>
          <types:attributes type="auto_a277924d-fce7-4b1e-8bc8-a3aee99f8878_Input-Attributes"/>
        </types:message>
        <types:variables>
          <types:variable name="outboundHeaders" type="auto_a277924d-fce7-4b1e-8bc8-a3aee99f8878_Input-Variables-outboundHeaders"/>
        </types:variables>
      </types:input-event>
      <types:output-event>
        <types:message>
          <types:payload type="auto_a277924d-fce7-4b1e-8bc8-a3aee99f8878_Output-Payload"/>
          <types:attributes type="auto_a277924d-fce7-4b1e-8bc8-a3aee99f8878_Output-Attributes"/>
        </types:message>
        <types:variables>
          <types:variable name="outboundHeaders" type="auto_a277924d-fce7-4b1e-8bc8-a3aee99f8878_Output-Variables-outboundHeaders"/>
          <types:variable name="httpStatus" type="auto_a277924d-fce7-4b1e-8bc8-a3aee99f8878_Output-Variables-httpStatus"/>
          <types:variable name="dependencyList" type="auto_a277924d-fce7-4b1e-8bc8-a3aee99f8878_Output-Variables-dependencyList"/>
          <types:variable name="checkDependencies" type="auto_a277924d-fce7-4b1e-8bc8-a3aee99f8878_Output-Variables-checkDependencies"/>
        </types:variables>
      </types:output-event>
    </types:processor-declaration>
  </types:enrichment>
  <types:enrichment select="#a32f839d-5c77-4d7a-b929-3332c8ca04cc">
    <types:processor-declaration>
      <types:input-event>
        <types:message>
          <types:payload type="auto_a32f839d-5c77-4d7a-b929-3332c8ca04cc_Input-Payload"/>
          <types:attributes type="auto_a32f839d-5c77-4d7a-b929-3332c8ca04cc_Input-Attributes"/>
        </types:message>
        <types:variables>
          <types:variable name="outboundHeaders" type="auto_a32f839d-5c77-4d7a-b929-3332c8ca04cc_Input-Variables-outboundHeaders"/>
          <types:variable name="httpStatus" type="auto_a32f839d-5c77-4d7a-b929-3332c8ca04cc_Input-Variables-httpStatus"/>
        </types:variables>
      </types:input-event>
      <types:output-event>
        <types:message>
          <types:payload type="auto_a32f839d-5c77-4d7a-b929-3332c8ca04cc_Output-Payload"/>
          <types:attributes type="auto_a32f839d-5c77-4d7a-b929-3332c8ca04cc_Output-Attributes"/>
        </types:message>
        <types:variables>
          <types:variable name="outboundHeaders" type="auto_a32f839d-5c77-4d7a-b929-3332c8ca04cc_Output-Variables-outboundHeaders"/>
          <types:variable name="countryIso" type="auto_a32f839d-5c77-4d7a-b929-3332c8ca04cc_Output-Variables-countryIso"/>
          <types:variable name="httpStatus" type="auto_a32f839d-5c77-4d7a-b929-3332c8ca04cc_Output-Variables-httpStatus"/>
        </types:variables>
      </types:output-event>
    </types:processor-declaration>
  </types:enrichment>
  <types:enrichment select="#193ded90-bed4-43c1-8215-8edb6eb64eaa">
    <types:processor-declaration>
      <types:input-event>
        <types:variables>
          <types:variable name="httpStatus" type="auto_193ded90-bed4-43c1-8215-8edb6eb64eaa_Input-Variables-httpStatus"/>
        </types:variables>
      </types:input-event>
      <types:output-event>
        <types:variables>
          <types:variable name="httpStatus" type="auto_193ded90-bed4-43c1-8215-8edb6eb64eaa_Output-Variables-httpStatus"/>
        </types:variables>
      </types:output-event>
    </types:processor-declaration>
  </types:enrichment>
</types:mule>