<?xml version="1.0" encoding="UTF-8"?>

<mule xmlns:vm="http://www.mulesoft.org/schema/mule/vm"
	xmlns:tls="http://www.mulesoft.org/schema/mule/tls"
	xmlns:secure-properties="http://www.mulesoft.org/schema/mule/secure-properties"
	xmlns:apikit="http://www.mulesoft.org/schema/mule/mule-apikit"
	xmlns:http="http://www.mulesoft.org/schema/mule/http" xmlns:salesforce="http://www.mulesoft.org/schema/mule/salesforce"
	xmlns="http://www.mulesoft.org/schema/mule/core"
	xmlns:doc="http://www.mulesoft.org/schema/mule/documentation" xmlns:xsi="http://www.w3.org/2001/XMLSchema-instance" xsi:schemaLocation="
http://www.mulesoft.org/schema/mule/vm http://www.mulesoft.org/schema/mule/vm/current/mule-vm.xsd 
http://www.mulesoft.org/schema/mule/mule-apikit http://www.mulesoft.org/schema/mule/mule-apikit/current/mule-apikit.xsd 
http://www.mulesoft.org/schema/mule/http http://www.mulesoft.org/schema/mule/http/current/mule-http.xsd http://www.mulesoft.org/schema/mule/core http://www.mulesoft.org/schema/mule/core/current/mule.xsd
	http://www.mulesoft.org/schema/mule/salesforce http://www.mulesoft.org/schema/mule/salesforce/current/mule-salesforce.xsd
http://www.mulesoft.org/schema/mule/secure-properties http://www.mulesoft.org/schema/mule/secure-properties/current/mule-secure-properties.xsd
http://www.mulesoft.org/schema/mule/tls http://www.mulesoft.org/schema/mule/tls/current/mule-tls.xsd">
	
	<http:listener-config name="apiHttpListenerConfig">
        <http:listener-connection host="0.0.0.0" port="${https.port}" protocol="HTTPS" tlsContext="tlsContext"/>
    </http:listener-config>
    <apikit:config name="salesforce-accounts-system-api-config" api="resource::e6a18b1c-f006-4f53-ba57-15cd17f13f7a:salesforce-accounts-system-api:1.0.0:raml:zip:salesforce-accounts-system-api.raml" outboundHeadersMapName="outboundHeaders" httpStatusVarName="httpStatus" />
	
	<vm:config name="vmConfig" doc:name="VM Config" doc:id="66e15fba-db22-408e-87b9-c99d0ca1c8c1" >
		<vm:queues >
			<vm:queue queueName="SMS" />
			<vm:queue queueName="EMAIL" />
		</vm:queues>
	</vm:config>
	<salesforce:sfdc-config name="salesforceConfig" doc:name="Salesforce Config" doc:id="5547ca5e-053d-4f5a-b802-660185825c42" >
		<salesforce:oauth-user-pass-connection consumerKey="${salesforce.consumerKey}" consumerSecret="${secure::salesforce.consumerSecret}" username="${salesforce.username}" password="${secure::salesforce.password}" securityToken="${secure::salesforce.securityToken}" tokenEndpoint="${salesforce.tokenUrl}"/>
	</salesforce:sfdc-config>
	<configuration-properties doc:name="Configuration properties" doc:id="b863cd6a-45ce-42d9-9dce-28907a8aa7cf" file="config/config-${env}.yaml" />
	<secure-properties:config name="Secure_Properties_Config" doc:name="Secure Properties Config" doc:id="755608dd-c73c-41fe-97fb-394f1bbecb7b" file="config/secure-config-${env}.yaml" key="${encryptKey}" >
		<secure-properties:encrypt algorithm="Blowfish" />
	</secure-properties:config>
	<tls:context name="tlsContext" doc:name="TLS Context" doc:id="90db07f1-5142-4889-8b29-465d7533f146" >
		<tls:key-store type="pkcs12" path="${keystore.path}" alias="${keystore.alias}" keyPassword="${secure::keystore.keyPassword}" password="${secure::keystore.password}" />
	</tls:context>
	<configuration doc:name="Configuration" doc:id="cda3bf68-8a56-465e-a892-556ea1d2357d" defaultErrorHandler-ref="error-handler_common" />
	<configuration-properties doc:name="Configuration properties" doc:id="d502eb09-cfc1-4d17-bdf5-1a6475b79618" file="config\common.yaml" />
	
	
</mule>
