<?xml version="1.0" encoding="UTF-8"?>

<mule xmlns:ee="http://www.mulesoft.org/schema/mule/ee/core" xmlns:http="http://www.mulesoft.org/schema/mule/http"
	xmlns="http://www.mulesoft.org/schema/mule/core"
	xmlns:doc="http://www.mulesoft.org/schema/mule/documentation" xmlns:xsi="http://www.w3.org/2001/XMLSchema-instance" xsi:schemaLocation="http://www.mulesoft.org/schema/mule/core http://www.mulesoft.org/schema/mule/core/current/mule.xsd
http://www.mulesoft.org/schema/mule/http http://www.mulesoft.org/schema/mule/http/current/mule-http.xsd
http://www.mulesoft.org/schema/mule/ee/core http://www.mulesoft.org/schema/mule/ee/core/current/mule-ee.xsd">
	<sub-flow name="implementation_main-flow" doc:id="1b5e0101-2a76-4f80-8e0e-b0e9324d0729" >
		<logger level="INFO" doc:name="Start of the main flow" doc:id="771094b3-a4de-4adb-8be7-1c3315df425e" message="Started Accounts Process API main flow"/>
		<ee:transform doc:name="incomingRequest" doc:id="8d40f614-0193-43f8-ae1d-8a7e10bd0dd9" >
			<ee:message >
			</ee:message>
			<ee:variables >
				<ee:set-variable variableName="countryIso" ><![CDATA[%dw 2.0
output application/java
---
{
 "shippingCountryIso": payload.shippingAddress.countryIso,
 "billingCountryIso": payload.billingAddress.countryIso
}]]></ee:set-variable>
				<ee:set-variable variableName="incomingRequest" ><![CDATA[%dw 2.0
output application/json
---
payload]]></ee:set-variable>
			</ee:variables>
		</ee:transform>
		<until-successful maxRetries="#[p('maxRetries')]" doc:name="Until Successful - Get Country Name" doc:id="e46e069c-a6ef-4ef3-a8a0-e0a43d068b1d" millisBetweenRetries="#[p('timeBetweenRetries')]">
			<try doc:name="Try - Get Country Name" doc:id="c4240864-67f8-440e-b3c5-a4e183b055e2">
			<http:request method="GET" doc:name="GET - First Country Lookup Sys API" doc:id="785e8c26-10db-4f30-9b72-518218be4046" target="countryNames" path="${country-lookup-sys-api.url}" config-ref="countryLookupRequestConfig">
			<http:headers ><![CDATA[#[output application/java
---
{
	"correlationId" : vars.transactionId,
	"client_id" : p('country-lookup-sys-api.client-id'),
	"client_secret": p('country-lookup-sys-api.client-secret')
}]]]></http:headers>
					<http:query-params><![CDATA[#[output application/java
---
{
	"billingcountryiso" : vars.countryIso.billingCountryIso,
	"shippingcountryiso" : vars.countryIso.shippingCountryIso
}]]]></http:query-params>
		</http:request>
			<error-handler ref="implementation-error-handler" />
		</try>
			</until-successful>
		<ee:transform doc:name="Country ISO code replaced with names" doc:id="7012f0ab-6261-40f8-8bd0-ace194b06c5c" >
			<ee:message >
				<ee:set-payload ><![CDATA[%dw 2.0
output application/json
import * from dw::util::Values
var a = (vars.incomingRequest.billingAddress - "countryIso" ) ++ {"country":vars.countryNames.billingCountryName}
var b = (vars.incomingRequest.shippingAddress - "countryIso") ++ {"country":vars.countryNames.shippingCountryName}
---
vars.incomingRequest update {
    case .billingAddress -> a
    case .shippingAddress -> b
}]]></ee:set-payload>
			</ee:message>
		</ee:transform>
		<until-successful maxRetries="#[p('maxRetries')]" doc:name="Until Successful - Create Account" doc:id="4a0d955b-9d6f-4500-a064-e348316a1b67" millisBetweenRetries="#[p('timeBetweenRetries')]">
			<try doc:name="Try - Create Account" doc:id="8735596b-1cd0-41e0-8287-20789c3184c3">
			<http:request method="POST" doc:name="POST - Salesforce Accounts Sys API" doc:id="f18efae7-3d7f-4547-8d03-3996791d7dae" config-ref="sfAccountsRequestConfig" path="${sf-accounts-sys-api.url}">
					<http:headers ><![CDATA[#[output application/java
---
{
	"correlationId" : vars.transactionId,
	"client_id" : p('sf-accounts-sys-api.client-id'),
	"client_secret": p('sf-accounts-sys-api.client-secret')
}]]]></http:headers>
				</http:request>
			<error-handler ref="implementation-error-handler" />
		</try>
			</until-successful>
		<ee:transform doc:name="Map Response" doc:id="6754e346-a60e-4d1a-8a9c-ea1ca0f08055" >
			<ee:message >
				<ee:set-payload resource="dwl/map-response.dwl" />
			</ee:message>
		</ee:transform>
		<logger level="INFO" doc:name="End of the main flow" doc:id="c98d374e-d64b-4a49-b029-9107d9f3b953" message="Ended Accounts Process API main flow" />
	</sub-flow>
</mule>
