<?xml version="1.0" encoding="UTF-8"?>
<mule xmlns="http://www.mulesoft.org/schema/mule/core" xmlns:apikit="http://www.mulesoft.org/schema/mule/mule-apikit" xmlns:doc="http://www.mulesoft.org/schema/mule/documentation" xmlns:ee="http://www.mulesoft.org/schema/mule/ee/core" xmlns:http="http://www.mulesoft.org/schema/mule/http" xmlns:xsi="http://www.w3.org/2001/XMLSchema-instance" xsi:schemaLocation="http://www.mulesoft.org/schema/mule/core http://www.mulesoft.org/schema/mule/core/current/mule.xsd http://www.mulesoft.org/schema/mule/http http://www.mulesoft.org/schema/mule/http/current/mule-http.xsd http://www.mulesoft.org/schema/mule/mule-apikit http://www.mulesoft.org/schema/mule/mule-apikit/current/mule-apikit.xsd http://www.mulesoft.org/schema/mule/ee/core http://www.mulesoft.org/schema/mule/ee/core/current/mule-ee.xsd ">
       <flow name="salesforce-accounts-process-api-main">
       <http:listener config-ref="apiHttpListenerConfig" path="/api/*">
            <http:response statusCode="#[vars.httpStatus default 200]">
                <http:headers><![CDATA[#[vars.outboundHeaders default {}]]]></http:headers>
            </http:response>
            <http:error-response statusCode="#[vars.httpStatus default 500]">
                <http:body><![CDATA[#[payload]]]></http:body>
                <http:headers><![CDATA[#[vars.outboundHeaders default {}]]]></http:headers>
            </http:error-response>
        </http:listener>
        <set-variable value='#[attributes.headers."correlationId" default correlationId]' doc:name="TransactionId" doc:id="53c02a63-fc9c-4a6d-add6-7f17af24582f" variableName="transactionId" />
		<apikit:router config-ref="salesforce-accounts-process-api-config" /> 
    </flow>
    <flow name="salesforce-accounts-process-api-console">
        <http:listener config-ref="apiHttpListenerConfig" path="/console/*">
            <http:response statusCode="#[vars.httpStatus default 200]">
                <http:headers><![CDATA[#[vars.outboundHeaders default {}]]]></http:headers>
            </http:response>
            <http:error-response statusCode="#[vars.httpStatus default 500]">
                <http:body><![CDATA[#[payload]]]></http:body>
                <http:headers><![CDATA[#[vars.outboundHeaders default {}]]]></http:headers>
            </http:error-response>
        </http:listener>
        <apikit:console config-ref="salesforce-accounts-process-api-config" />
    </flow>
    <flow name="get:\alive:salesforce-accounts-process-api-config">
        <flow-ref doc:name="ping_get-health" doc:id="e268d38b-9a31-4834-b903-6e12d5ac8fb3" name="ping_get-health"/>
    </flow>
    <flow name="post:\accounts:application\json:salesforce-accounts-process-api-config">
        <flow-ref doc:name="implementation_main-flow" doc:id="b84c6b4d-693d-4e19-aeeb-e0d2749bbd41" name="implementation_main-flow"/>
    </flow>
</mule>
