<?xml version="1.0" encoding="UTF-8"?>
<mule xmlns:api-gateway="http://www.mulesoft.org/schema/mule/api-gateway" xmlns="http://www.mulesoft.org/schema/mule/core" xmlns:apikit="http://www.mulesoft.org/schema/mule/mule-apikit" xmlns:doc="http://www.mulesoft.org/schema/mule/documentation" xmlns:http="http://www.mulesoft.org/schema/mule/http" xmlns:secure-properties="http://www.mulesoft.org/schema/mule/secure-properties" xmlns:tls="http://www.mulesoft.org/schema/mule/tls" xmlns:vm="http://www.mulesoft.org/schema/mule/vm" xmlns:xsi="http://www.w3.org/2001/XMLSchema-instance" xsi:schemaLocation=" http://www.mulesoft.org/schema/mule/vm http://www.mulesoft.org/schema/mule/vm/current/mule-vm.xsd  http://www.mulesoft.org/schema/mule/mule-apikit http://www.mulesoft.org/schema/mule/mule-apikit/current/mule-apikit.xsd  http://www.mulesoft.org/schema/mule/http http://www.mulesoft.org/schema/mule/http/current/mule-http.xsd http://www.mulesoft.org/schema/mule/core http://www.mulesoft.org/schema/mule/core/current/mule.xsd http://www.mulesoft.org/schema/mule/tls http://www.mulesoft.org/schema/mule/tls/current/mule-tls.xsd http://www.mulesoft.org/schema/mule/secure-properties http://www.mulesoft.org/schema/mule/secure-properties/current/mule-secure-properties.xsd
http://www.mulesoft.org/schema/mule/api-gateway http://www.mulesoft.org/schema/mule/api-gateway/current/mule-api-gateway.xsd">
    <http:listener-config name="apiHttpListenerConfig">
        <http:listener-connection host="0.0.0.0" port="${https.port}" protocol="HTTPS" tlsContext="tlsContext" />
    </http:listener-config>
    <apikit:config name="mobile-accounts-experience-api-config" api="resource::e6a18b1c-f006-4f53-ba57-15cd17f13f7a:mobile-accounts-experience-api:1.0.2:raml:zip:mobile-accounts-experience-api.raml" outboundHeadersMapName="outboundHeaders" httpStatusVarName="httpStatus" />
    <vm:config name="vmConfig" doc:name="VM Config" doc:id="ca1a852c-d370-4d5d-b65a-f8597d17c0db">
        <vm:queues>
            <vm:queue queueName="SMS" />
            <vm:queue queueName="EMAIL" />
        </vm:queues>
    </vm:config>
    <configuration-properties doc:name="Configuration properties" doc:id="c4fbb93b-0b27-42fc-96c0-98f70afa3238" file="config\config-${env}.yaml" />
    <http:request-config name="sfAccountsPrcApiRequestConfig" doc:name="HTTP Request configuration" doc:id="789b20af-52ff-4ab8-8e63-a7aec04c7070">
        <http:request-connection protocol="HTTPS" host="${sf-accounts-prc-api.host}" port="${sf-accounts-prc-api.port}" />
    </http:request-config>
    <tls:context name="tlsContext" doc:name="TLS Context" doc:id="e9b19f3e-f69f-4e1d-8e1e-66c16f286a6d">
        <tls:key-store type="pkcs12" path="${keystore.path}" alias="${keystore.alias}" keyPassword="${secure::keystore.keyPassword}" password="${secure::keystore.password}" />
    </tls:context>
    <http:request-config name="sfAccountsSysApiRequestConfig" doc:name="HTTP Request configuration" doc:id="d7c2efb1-900f-48ca-9a1c-dc1e839acf80">
        <http:request-connection protocol="HTTPS" host="${sf-accounts-sys-api.host}" port="${sf-accounts-sys-api.port}" />
    </http:request-config>
    <secure-properties:config name="Secure_Properties_Config" doc:name="Secure Properties Config" doc:id="89fc5747-4daf-4665-976e-4978d0856cf7" file="config\secure-config-${env}.yaml" key="${encryptKey}">
        <secure-properties:encrypt algorithm="Blowfish" />
    </secure-properties:config>
    <configuration-properties doc:name="Configuration properties" doc:id="19ee91c9-621f-43a0-bab0-a4012a1eb666" file="config\common.yaml" />
    <configuration doc:name="Configuration" doc:id="3d05a6ab-0572-4e54-af09-1037e90c9ce3" defaultErrorHandler-ref="error-handler_common" />
	<api-gateway:autodiscovery apiId="${api.instanceId}" ignoreBasePath="true" doc:name="API Autodiscovery" doc:id="68f82463-105d-4303-8fed-700f86f778aa" flowRef="mobile-accounts-experience-api-main" />
</mule>
