<?xml version='1.0' encoding='UTF-8'?>
<types:mule xmlns:types="http://www.mulesoft.org/schema/mule/types">
  <types:catalog>
    <types:type name="auto_f7ca22bd-569a-4cb2-a912-374c615e004c_Input-Payload" format="json">
      <types:shape format="weave" example="weave/autogenerated/f7ca22bd-569a-4cb2-a912-374c615e004c/Input-Payload.wev" autogeneratedOrigin="cb43ce71-0ac6-4d96-b6a0-b35bbf194d66"><![CDATA[%dw 2.0

type auto_f7ca22bd_569a_4cb2_a912_374c615e004c_Input_Payload = {
  number?: String, 
  phone?: String, 
  name: String, 
  shippingAddress?: {
    country?: String | Null, 
    city?: String | Null, 
    street?: String | Null, 
    postalCode?: String | Null, 
    state?: String | Null, 
    _?: Any
  } {"description": "Shipping Account address"}, 
  billingAddress?: {
    country?: String | Null, 
    city?: String | Null, 
    street?: String | Null, 
    postalCode?: String | Null, 
    state?: String | Null, 
    _?: Any
  } {"description": "Billing Account address"}, 
  fax?: String, 
  email: String, 
  _?: Any
}

]]></types:shape>
    </types:type>
    <types:type name="auto_94a55014-34b7-4227-9e87-d1a1160d414b_Input-Payload" format="java">
      <types:shape format="weave" example="weave/autogenerated/94a55014-34b7-4227-9e87-d1a1160d414b/Input-Payload.wev" autogeneratedOrigin="8f9a780a-1875-4e9a-b67a-cf8c9b0d039e"><![CDATA[%dw 2.0

type auto_94a55014_34b7_4227_9e87_d1a1160d414b_Input_Payload = Any

]]></types:shape>
    </types:type>
    <types:type name="auto_f7ca22bd-569a-4cb2-a912-374c615e004c_Input-Attributes" format="java">
      <types:shape format="weave" example="weave/autogenerated/f7ca22bd-569a-4cb2-a912-374c615e004c/Input-Attributes.wev" autogeneratedOrigin="cb43ce71-0ac6-4d96-b6a0-b35bbf194d66"><![CDATA[%dw 2.0

type auto_f7ca22bd_569a_4cb2_a912_374c615e004c_Input_Attributes = {|
  clientCertificate?: {|
    publicKey?: {|  |}, 
    "type"?: String, 
    encoded?: Binary
  |}, 
  headers: {|
    client_id: String, 
    client_secret: String
  |}, 
  listenerPath: String, 
  method: String, 
  queryParams: {|  |}, 
  queryString: String, 
  relativePath: String, 
  remoteAddress: String, 
  requestPath: String, 
  requestUri: String, 
  scheme: String, 
  uriParams: {| accountId: String |}, 
  version: String, 
  localAddress: String
|}

]]></types:shape>
    </types:type>
    <types:type name="auto_94a55014-34b7-4227-9e87-d1a1160d414b_Input-Attributes" format="java">
      <types:shape format="weave" example="weave/autogenerated/94a55014-34b7-4227-9e87-d1a1160d414b/Input-Attributes.wev" autogeneratedOrigin="8f9a780a-1875-4e9a-b67a-cf8c9b0d039e"><![CDATA[%dw 2.0

type auto_94a55014_34b7_4227_9e87_d1a1160d414b_Input_Attributes = {|
  clientCertificate?: {|
    publicKey?: {|  |}, 
    "type"?: String, 
    encoded?: Binary
  |}, 
  headers: {|
    client_id: String, 
    client_secret: String
  |}, 
  listenerPath: String, 
  method: String, 
  queryParams: {|  |}, 
  queryString: String, 
  relativePath: String, 
  remoteAddress: String, 
  requestPath: String, 
  requestUri: String, 
  scheme: String, 
  uriParams: {| accountId: String |}, 
  version: String, 
  localAddress: String
|}

]]></types:shape>
    </types:type>
    <types:type name="auto_f7ca22bd-569a-4cb2-a912-374c615e004c_Input-Variables-outboundHeaders" format="java">
      <types:shape format="weave" example="weave/autogenerated/f7ca22bd-569a-4cb2-a912-374c615e004c/Input-Variables-outboundHeaders.wev" autogeneratedOrigin="cb43ce71-0ac6-4d96-b6a0-b35bbf194d66"><![CDATA[%dw 2.0

type auto_f7ca22bd_569a_4cb2_a912_374c615e004c_Input_Variables_outboundHeaders = {|  |}

]]></types:shape>
    </types:type>
    <types:type name="auto_f7ca22bd-569a-4cb2-a912-374c615e004c_Input-Variables-httpStatus" format="java">
      <types:shape format="raml" autogeneratedOrigin="cb43ce71-0ac6-4d96-b6a0-b35bbf194d66"><![CDATA[#%RAML 1.0 DataType
type: string]]></types:shape>
    </types:type>
    <types:type name="auto_94a55014-34b7-4227-9e87-d1a1160d414b_Input-Variables-outboundHeaders" format="java">
      <types:shape format="weave" example="weave/autogenerated/94a55014-34b7-4227-9e87-d1a1160d414b/Input-Variables-outboundHeaders.wev" autogeneratedOrigin="8f9a780a-1875-4e9a-b67a-cf8c9b0d039e"><![CDATA[%dw 2.0

type auto_94a55014_34b7_4227_9e87_d1a1160d414b_Input_Variables_outboundHeaders = {|  |}

]]></types:shape>
    </types:type>
    <types:type name="auto_94a55014-34b7-4227-9e87-d1a1160d414b_Input-Variables-httpStatus" format="java">
      <types:shape format="raml" autogeneratedOrigin="8f9a780a-1875-4e9a-b67a-cf8c9b0d039e"><![CDATA[#%RAML 1.0 DataType
type: string]]></types:shape>
    </types:type>
    <types:type name="auto_f7ca22bd-569a-4cb2-a912-374c615e004c_Output-Payload" format="json">
      <types:shape format="weave" example="weave/autogenerated/f7ca22bd-569a-4cb2-a912-374c615e004c/Output-Payload.wev" autogeneratedOrigin="cb43ce71-0ac6-4d96-b6a0-b35bbf194d66"><![CDATA[%dw 2.0

type auto_f7ca22bd_569a_4cb2_a912_374c615e004c_Output_Payload = {
  number?: String, 
  phone?: String, 
  name: String, 
  shippingAddress?: {
    country?: String | Null, 
    city?: String | Null, 
    street?: String | Null, 
    postalCode?: String | Null, 
    state?: String | Null, 
    _?: Any
  } {"description": "Shipping Account address"}, 
  billingAddress?: {
    country?: String | Null, 
    city?: String | Null, 
    street?: String | Null, 
    postalCode?: String | Null, 
    state?: String | Null, 
    _?: Any
  } {"description": "Billing Account address"}, 
  fax?: String, 
  email: String, 
  _?: Any
}

]]></types:shape>
    </types:type>
    <types:type name="auto_94a55014-34b7-4227-9e87-d1a1160d414b_Output-Payload" format="java">
      <types:shape format="weave" example="weave/autogenerated/94a55014-34b7-4227-9e87-d1a1160d414b/Output-Payload.wev" autogeneratedOrigin="8f9a780a-1875-4e9a-b67a-cf8c9b0d039e"><![CDATA[%dw 2.0

type auto_94a55014_34b7_4227_9e87_d1a1160d414b_Output_Payload = Any

]]></types:shape>
    </types:type>
    <types:type name="auto_f7ca22bd-569a-4cb2-a912-374c615e004c_Output-Attributes" format="java">
      <types:shape format="weave" example="weave/autogenerated/f7ca22bd-569a-4cb2-a912-374c615e004c/Output-Attributes.wev" autogeneratedOrigin="cb43ce71-0ac6-4d96-b6a0-b35bbf194d66"><![CDATA[%dw 2.0

type auto_f7ca22bd_569a_4cb2_a912_374c615e004c_Output_Attributes = {|
  clientCertificate?: {|
    publicKey?: {|  |}, 
    "type"?: String, 
    encoded?: Binary
  |}, 
  headers: {|
    client_id: String, 
    client_secret: String
  |}, 
  listenerPath: String, 
  method: String, 
  queryParams: {|  |}, 
  queryString: String, 
  relativePath: String, 
  remoteAddress: String, 
  requestPath: String, 
  requestUri: String, 
  scheme: String, 
  uriParams: {| accountId: String |}, 
  version: String, 
  localAddress: String
|}

]]></types:shape>
    </types:type>
    <types:type name="auto_94a55014-34b7-4227-9e87-d1a1160d414b_Output-Attributes" format="java">
      <types:shape format="weave" example="weave/autogenerated/94a55014-34b7-4227-9e87-d1a1160d414b/Output-Attributes.wev" autogeneratedOrigin="8f9a780a-1875-4e9a-b67a-cf8c9b0d039e"><![CDATA[%dw 2.0

type auto_94a55014_34b7_4227_9e87_d1a1160d414b_Output_Attributes = {|
  clientCertificate?: {|
    publicKey?: {|  |}, 
    "type"?: String, 
    encoded?: Binary
  |}, 
  headers: {|
    client_id: String, 
    client_secret: String
  |}, 
  listenerPath: String, 
  method: String, 
  queryParams: {|  |}, 
  queryString: String, 
  relativePath: String, 
  remoteAddress: String, 
  requestPath: String, 
  requestUri: String, 
  scheme: String, 
  uriParams: {| accountId: String |}, 
  version: String, 
  localAddress: String
|}

]]></types:shape>
    </types:type>
    <types:type name="auto_f7ca22bd-569a-4cb2-a912-374c615e004c_Output-Variables-outboundHeaders" format="java">
      <types:shape format="weave" example="weave/autogenerated/f7ca22bd-569a-4cb2-a912-374c615e004c/Output-Variables-outboundHeaders.wev" autogeneratedOrigin="cb43ce71-0ac6-4d96-b6a0-b35bbf194d66"><![CDATA[%dw 2.0

type auto_f7ca22bd_569a_4cb2_a912_374c615e004c_Output_Variables_outboundHeaders = {|  |}

]]></types:shape>
    </types:type>
    <types:type name="auto_f7ca22bd-569a-4cb2-a912-374c615e004c_Output-Variables-httpStatus" format="java">
      <types:shape format="raml" autogeneratedOrigin="cb43ce71-0ac6-4d96-b6a0-b35bbf194d66"><![CDATA[#%RAML 1.0 DataType
type: string]]></types:shape>
    </types:type>
    <types:type name="auto_94a55014-34b7-4227-9e87-d1a1160d414b_Output-Variables-httpStatus" format="java">
      <types:shape format="raml" autogeneratedOrigin="8f9a780a-1875-4e9a-b67a-cf8c9b0d039e"><![CDATA[#%RAML 1.0 DataType
type: string]]></types:shape>
    </types:type>
    <types:type name="auto_7cdcdff6-94ff-4396-808b-9dda3d4946ca_Input-Payload" format="java">
      <types:shape format="weave" example="weave/autogenerated/7cdcdff6-94ff-4396-808b-9dda3d4946ca/Input-Payload.wev" autogeneratedOrigin="c9129041-35f7-4138-b7e4-870ddda2993a"><![CDATA[%dw 2.0

type auto_7cdcdff6_94ff_4396_808b_9dda3d4946ca_Input_Payload = Any

]]></types:shape>
    </types:type>
    <types:type name="auto_7cdcdff6-94ff-4396-808b-9dda3d4946ca_Input-Attributes" format="java">
      <types:shape format="weave" example="weave/autogenerated/7cdcdff6-94ff-4396-808b-9dda3d4946ca/Input-Attributes.wev" autogeneratedOrigin="c9129041-35f7-4138-b7e4-870ddda2993a"><![CDATA[%dw 2.0

type auto_7cdcdff6_94ff_4396_808b_9dda3d4946ca_Input_Attributes = {|
  clientCertificate?: {|
    publicKey?: {|  |}, 
    "type"?: String, 
    encoded?: Binary
  |}, 
  headers: {|
    correlationId: String, 
    channel?: String, 
    client_id: String, 
    client_secret: String
  |}, 
  listenerPath: String, 
  method: String, 
  queryParams: {|  |}, 
  queryString: String, 
  relativePath: String, 
  remoteAddress: String, 
  requestPath: String, 
  requestUri: String, 
  scheme: String, 
  uriParams: {| accountId: String |}, 
  version: String, 
  localAddress: String
|}

]]></types:shape>
    </types:type>
    <types:type name="auto_7cdcdff6-94ff-4396-808b-9dda3d4946ca_Input-Variables-outboundHeaders" format="java">
      <types:shape format="weave" example="weave/autogenerated/7cdcdff6-94ff-4396-808b-9dda3d4946ca/Input-Variables-outboundHeaders.wev" autogeneratedOrigin="c9129041-35f7-4138-b7e4-870ddda2993a"><![CDATA[%dw 2.0

type auto_7cdcdff6_94ff_4396_808b_9dda3d4946ca_Input_Variables_outboundHeaders = {|  |}

]]></types:shape>
    </types:type>
    <types:type name="auto_7cdcdff6-94ff-4396-808b-9dda3d4946ca_Input-Variables-httpStatus" format="java">
      <types:shape format="raml" autogeneratedOrigin="c9129041-35f7-4138-b7e4-870ddda2993a"><![CDATA[#%RAML 1.0 DataType
type: string]]></types:shape>
    </types:type>
    <types:type name="auto_7cdcdff6-94ff-4396-808b-9dda3d4946ca_Output-Payload" format="java">
      <types:shape format="weave" example="weave/autogenerated/7cdcdff6-94ff-4396-808b-9dda3d4946ca/Output-Payload.wev" autogeneratedOrigin="c9129041-35f7-4138-b7e4-870ddda2993a"><![CDATA[%dw 2.0

type auto_7cdcdff6_94ff_4396_808b_9dda3d4946ca_Output_Payload = Any

]]></types:shape>
    </types:type>
    <types:type name="auto_7cdcdff6-94ff-4396-808b-9dda3d4946ca_Output-Attributes" format="java">
      <types:shape format="weave" example="weave/autogenerated/7cdcdff6-94ff-4396-808b-9dda3d4946ca/Output-Attributes.wev" autogeneratedOrigin="c9129041-35f7-4138-b7e4-870ddda2993a"><![CDATA[%dw 2.0

type auto_7cdcdff6_94ff_4396_808b_9dda3d4946ca_Output_Attributes = {|
  clientCertificate?: {|
    publicKey?: {|  |}, 
    "type"?: String, 
    encoded?: Binary
  |}, 
  headers: {|
    correlationId: String, 
    channel?: String, 
    client_id: String, 
    client_secret: String
  |}, 
  listenerPath: String, 
  method: String, 
  queryParams: {|  |}, 
  queryString: String, 
  relativePath: String, 
  remoteAddress: String, 
  requestPath: String, 
  requestUri: String, 
  scheme: String, 
  uriParams: {| accountId: String |}, 
  version: String, 
  localAddress: String
|}

]]></types:shape>
    </types:type>
    <types:type name="auto_7cdcdff6-94ff-4396-808b-9dda3d4946ca_Output-Variables-outboundHeaders" format="java">
      <types:shape format="weave" example="weave/autogenerated/7cdcdff6-94ff-4396-808b-9dda3d4946ca/Output-Variables-outboundHeaders.wev" autogeneratedOrigin="c9129041-35f7-4138-b7e4-870ddda2993a"><![CDATA[%dw 2.0

type auto_7cdcdff6_94ff_4396_808b_9dda3d4946ca_Output_Variables_outboundHeaders = {|  |}

]]></types:shape>
    </types:type>
    <types:type name="auto_7cdcdff6-94ff-4396-808b-9dda3d4946ca_Output-Variables-httpStatus" format="java">
      <types:shape format="raml" autogeneratedOrigin="c9129041-35f7-4138-b7e4-870ddda2993a"><![CDATA[#%RAML 1.0 DataType
type: string]]></types:shape>
    </types:type>
    <types:type name="auto_3ec5c687-9ef9-4f55-87ce-ad5bb0081d9d_Input-Payload" format="json">
      <types:shape format="weave" example="weave/autogenerated/3ec5c687-9ef9-4f55-87ce-ad5bb0081d9d/Input-Payload.wev" autogeneratedOrigin="4b60a11a-14e9-4be0-9084-350679d196b1"><![CDATA[%dw 2.0

type auto_3ec5c687_9ef9_4f55_87ce_ad5bb0081d9d_Input_Payload = {
  number?: String, 
  phone?: String, 
  name: String, 
  shippingAddress?: {
    country?: String | Null, 
    city?: String | Null, 
    street?: String | Null, 
    postalCode?: String | Null, 
    state?: String | Null, 
    _?: Any
  } {"description": "Shipping Account address"}, 
  billingAddress?: {
    country?: String | Null, 
    city?: String | Null, 
    street?: String | Null, 
    postalCode?: String | Null, 
    state?: String | Null, 
    _?: Any
  } {"description": "Billing Account address"}, 
  fax?: String, 
  email: String, 
  _?: Any
}

]]></types:shape>
    </types:type>
    <types:type name="auto_3ec5c687-9ef9-4f55-87ce-ad5bb0081d9d_Input-Attributes" format="java">
      <types:shape format="weave" example="weave/autogenerated/3ec5c687-9ef9-4f55-87ce-ad5bb0081d9d/Input-Attributes.wev" autogeneratedOrigin="4b60a11a-14e9-4be0-9084-350679d196b1"><![CDATA[%dw 2.0

type auto_3ec5c687_9ef9_4f55_87ce_ad5bb0081d9d_Input_Attributes = {|
  clientCertificate?: {|
    publicKey?: {|  |}, 
    "type"?: String, 
    encoded?: Binary
  |}, 
  headers: {|
    client_id: String, 
    client_secret: String
  |}, 
  listenerPath: String, 
  method: String, 
  queryParams: {|  |}, 
  queryString: String, 
  relativePath: String, 
  remoteAddress: String, 
  requestPath: String, 
  requestUri: String, 
  scheme: String, 
  uriParams: {|  |}, 
  version: String, 
  localAddress: String
|}

]]></types:shape>
    </types:type>
    <types:type name="auto_3ec5c687-9ef9-4f55-87ce-ad5bb0081d9d_Input-Variables-outboundHeaders" format="java">
      <types:shape format="weave" example="weave/autogenerated/3ec5c687-9ef9-4f55-87ce-ad5bb0081d9d/Input-Variables-outboundHeaders.wev" autogeneratedOrigin="4b60a11a-14e9-4be0-9084-350679d196b1"><![CDATA[%dw 2.0

type auto_3ec5c687_9ef9_4f55_87ce_ad5bb0081d9d_Input_Variables_outboundHeaders = {|  |}

]]></types:shape>
    </types:type>
    <types:type name="auto_3ec5c687-9ef9-4f55-87ce-ad5bb0081d9d_Input-Variables-httpStatus" format="java">
      <types:shape format="raml" autogeneratedOrigin="4b60a11a-14e9-4be0-9084-350679d196b1"><![CDATA[#%RAML 1.0 DataType
type: string]]></types:shape>
    </types:type>
    <types:type name="auto_3ec5c687-9ef9-4f55-87ce-ad5bb0081d9d_Output-Payload" format="json">
      <types:shape format="weave" example="weave/autogenerated/3ec5c687-9ef9-4f55-87ce-ad5bb0081d9d/Output-Payload.wev" autogeneratedOrigin="4b60a11a-14e9-4be0-9084-350679d196b1"><![CDATA[%dw 2.0

type auto_3ec5c687_9ef9_4f55_87ce_ad5bb0081d9d_Output_Payload = {
  number?: String, 
  phone?: String, 
  name: String, 
  shippingAddress?: {
    country?: String | Null, 
    city?: String | Null, 
    street?: String | Null, 
    postalCode?: String | Null, 
    state?: String | Null, 
    _?: Any
  } {"description": "Shipping Account address"}, 
  billingAddress?: {
    country?: String | Null, 
    city?: String | Null, 
    street?: String | Null, 
    postalCode?: String | Null, 
    state?: String | Null, 
    _?: Any
  } {"description": "Billing Account address"}, 
  fax?: String, 
  email: String, 
  _?: Any
}

]]></types:shape>
    </types:type>
    <types:type name="auto_3ec5c687-9ef9-4f55-87ce-ad5bb0081d9d_Output-Attributes" format="java">
      <types:shape format="weave" example="weave/autogenerated/3ec5c687-9ef9-4f55-87ce-ad5bb0081d9d/Output-Attributes.wev" autogeneratedOrigin="4b60a11a-14e9-4be0-9084-350679d196b1"><![CDATA[%dw 2.0

type auto_3ec5c687_9ef9_4f55_87ce_ad5bb0081d9d_Output_Attributes = {|
  clientCertificate?: {|
    publicKey?: {|  |}, 
    "type"?: String, 
    encoded?: Binary
  |}, 
  headers: {|
    client_id: String, 
    client_secret: String
  |}, 
  listenerPath: String, 
  method: String, 
  queryParams: {|  |}, 
  queryString: String, 
  relativePath: String, 
  remoteAddress: String, 
  requestPath: String, 
  requestUri: String, 
  scheme: String, 
  uriParams: {|  |}, 
  version: String, 
  localAddress: String
|}

]]></types:shape>
    </types:type>
    <types:type name="auto_3ec5c687-9ef9-4f55-87ce-ad5bb0081d9d_Output-Variables-outboundHeaders" format="java">
      <types:shape format="weave" example="weave/autogenerated/3ec5c687-9ef9-4f55-87ce-ad5bb0081d9d/Output-Variables-outboundHeaders.wev" autogeneratedOrigin="4b60a11a-14e9-4be0-9084-350679d196b1"><![CDATA[%dw 2.0

type auto_3ec5c687_9ef9_4f55_87ce_ad5bb0081d9d_Output_Variables_outboundHeaders = {|  |}

]]></types:shape>
    </types:type>
    <types:type name="auto_3ec5c687-9ef9-4f55-87ce-ad5bb0081d9d_Output-Variables-httpStatus" format="java">
      <types:shape format="raml" autogeneratedOrigin="4b60a11a-14e9-4be0-9084-350679d196b1"><![CDATA[#%RAML 1.0 DataType
type: string]]></types:shape>
    </types:type>
    <types:type name="auto_ed875a3b-358c-4ca6-b63a-7155a33bd1a4_Input-Payload" format="java">
      <types:shape format="weave" example="weave/autogenerated/ed875a3b-358c-4ca6-b63a-7155a33bd1a4/Input-Payload.wev" autogeneratedOrigin="42c5968b-79fe-4d59-8691-48ec830dca09"><![CDATA[%dw 2.0

type auto_ed875a3b_358c_4ca6_b63a_7155a33bd1a4_Input_Payload = Any

]]></types:shape>
    </types:type>
    <types:type name="auto_ed875a3b-358c-4ca6-b63a-7155a33bd1a4_Input-Attributes" format="java">
      <types:shape format="weave" example="weave/autogenerated/ed875a3b-358c-4ca6-b63a-7155a33bd1a4/Input-Attributes.wev" autogeneratedOrigin="42c5968b-79fe-4d59-8691-48ec830dca09"><![CDATA[%dw 2.0

type auto_ed875a3b_358c_4ca6_b63a_7155a33bd1a4_Input_Attributes = {|
  clientCertificate?: {|
    publicKey?: {|  |}, 
    "type"?: String, 
    encoded?: Binary
  |}, 
  headers: {|  |}, 
  listenerPath: String, 
  method: String, 
  queryParams: {| checkDependencies?: Boolean |}, 
  queryString: String, 
  relativePath: String, 
  remoteAddress: String, 
  requestPath: String, 
  requestUri: String, 
  scheme: String, 
  uriParams: {|  |}, 
  version: String, 
  localAddress: String
|}

]]></types:shape>
    </types:type>
    <types:type name="auto_ed875a3b-358c-4ca6-b63a-7155a33bd1a4_Input-Variables-outboundHeaders" format="java">
      <types:shape format="weave" example="weave/autogenerated/ed875a3b-358c-4ca6-b63a-7155a33bd1a4/Input-Variables-outboundHeaders.wev" autogeneratedOrigin="42c5968b-79fe-4d59-8691-48ec830dca09"><![CDATA[%dw 2.0

type auto_ed875a3b_358c_4ca6_b63a_7155a33bd1a4_Input_Variables_outboundHeaders = {|  |}

]]></types:shape>
    </types:type>
    <types:type name="auto_ed875a3b-358c-4ca6-b63a-7155a33bd1a4_Output-Payload" format="json">
      <types:shape format="weave" example="weave/autogenerated/ed875a3b-358c-4ca6-b63a-7155a33bd1a4/Output-Payload.wev" autogeneratedOrigin="42c5968b-79fe-4d59-8691-48ec830dca09"><![CDATA[%dw 2.0

type auto_ed875a3b_358c_4ca6_b63a_7155a33bd1a4_Output_Payload = {|
  status: "OFFLINE" | "DEGRADED" | "OK", 
  apiName: String, 
  apiVersion: String, 
  dependencies?: Array<{|    name: String,     status: String  |}> | Null
|}

]]></types:shape>
    </types:type>
    <types:type name="auto_ed875a3b-358c-4ca6-b63a-7155a33bd1a4_Output-Attributes" format="java">
      <types:shape format="weave" example="weave/autogenerated/ed875a3b-358c-4ca6-b63a-7155a33bd1a4/Output-Attributes.wev" autogeneratedOrigin="42c5968b-79fe-4d59-8691-48ec830dca09"><![CDATA[%dw 2.0

type auto_ed875a3b_358c_4ca6_b63a_7155a33bd1a4_Output_Attributes = {|
  clientCertificate?: {|
    publicKey?: {|  |}, 
    "type"?: String, 
    encoded?: Binary
  |}, 
  headers: {|  |}, 
  listenerPath: String, 
  method: String, 
  queryParams: {| checkDependencies?: Boolean |}, 
  queryString: String, 
  relativePath: String, 
  remoteAddress: String, 
  requestPath: String, 
  requestUri: String, 
  scheme: String, 
  uriParams: {|  |}, 
  version: String, 
  localAddress: String
|}

]]></types:shape>
    </types:type>
    <types:type name="auto_ed875a3b-358c-4ca6-b63a-7155a33bd1a4_Output-Variables-sysCheckHost" format="java">
      <types:shape format="raml" autogeneratedOrigin="42c5968b-79fe-4d59-8691-48ec830dca09"><![CDATA[#%RAML 1.0 DataType
type: string]]></types:shape>
    </types:type>
    <types:type name="auto_ed875a3b-358c-4ca6-b63a-7155a33bd1a4_Output-Variables-backendSystemStatus" format="java">
      <types:shape format="raml" autogeneratedOrigin="42c5968b-79fe-4d59-8691-48ec830dca09"><![CDATA[#%RAML 1.0 DataType
type: string]]></types:shape>
    </types:type>
    <types:type name="auto_ed875a3b-358c-4ca6-b63a-7155a33bd1a4_Output-Variables-httpStatus" format="java">
      <types:shape format="raml" autogeneratedOrigin="42c5968b-79fe-4d59-8691-48ec830dca09"><![CDATA[#%RAML 1.0 DataType
type: string]]></types:shape>
    </types:type>
    <types:type name="auto_ed875a3b-358c-4ca6-b63a-7155a33bd1a4_Output-Variables-checkDependencies" format="java">
      <types:shape format="weave" example="weave/autogenerated/ed875a3b-358c-4ca6-b63a-7155a33bd1a4/Output-Variables-checkDependencies.wev" autogeneratedOrigin="42c5968b-79fe-4d59-8691-48ec830dca09"><![CDATA[%dw 2.0

type auto_ed875a3b_358c_4ca6_b63a_7155a33bd1a4_Output_Variables_checkDependencies = Any

]]></types:shape>
    </types:type>
    <types:type name="auto_ed875a3b-358c-4ca6-b63a-7155a33bd1a4_Output-Variables-outboundHeaders" format="java">
      <types:shape format="weave" example="weave/autogenerated/ed875a3b-358c-4ca6-b63a-7155a33bd1a4/Output-Variables-outboundHeaders.wev" autogeneratedOrigin="42c5968b-79fe-4d59-8691-48ec830dca09"><![CDATA[%dw 2.0

type auto_ed875a3b_358c_4ca6_b63a_7155a33bd1a4_Output_Variables_outboundHeaders = {|  |}

]]></types:shape>
    </types:type>
  </types:catalog>
  <types:enrichment select="#f7ca22bd-569a-4cb2-a912-374c615e004c">
    <types:processor-declaration>
      <types:input-event>
        <types:message>
          <types:payload type="auto_f7ca22bd-569a-4cb2-a912-374c615e004c_Input-Payload"/>
          <types:attributes type="auto_f7ca22bd-569a-4cb2-a912-374c615e004c_Input-Attributes"/>
        </types:message>
        <types:variables>
          <types:variable name="outboundHeaders" type="auto_f7ca22bd-569a-4cb2-a912-374c615e004c_Input-Variables-outboundHeaders"/>
          <types:variable name="httpStatus" type="auto_f7ca22bd-569a-4cb2-a912-374c615e004c_Input-Variables-httpStatus"/>
        </types:variables>
      </types:input-event>
      <types:output-event>
        <types:message>
          <types:payload type="auto_f7ca22bd-569a-4cb2-a912-374c615e004c_Output-Payload"/>
          <types:attributes type="auto_f7ca22bd-569a-4cb2-a912-374c615e004c_Output-Attributes"/>
        </types:message>
        <types:variables>
          <types:variable name="outboundHeaders" type="auto_f7ca22bd-569a-4cb2-a912-374c615e004c_Output-Variables-outboundHeaders"/>
          <types:variable name="httpStatus" type="auto_f7ca22bd-569a-4cb2-a912-374c615e004c_Output-Variables-httpStatus"/>
        </types:variables>
      </types:output-event>
    </types:processor-declaration>
  </types:enrichment>
  <types:enrichment select="#94a55014-34b7-4227-9e87-d1a1160d414b">
    <types:processor-declaration>
      <types:input-event>
        <types:message>
          <types:payload type="auto_94a55014-34b7-4227-9e87-d1a1160d414b_Input-Payload"/>
          <types:attributes type="auto_94a55014-34b7-4227-9e87-d1a1160d414b_Input-Attributes"/>
        </types:message>
        <types:variables>
          <types:variable name="outboundHeaders" type="auto_94a55014-34b7-4227-9e87-d1a1160d414b_Input-Variables-outboundHeaders"/>
          <types:variable name="httpStatus" type="auto_94a55014-34b7-4227-9e87-d1a1160d414b_Input-Variables-httpStatus"/>
        </types:variables>
      </types:input-event>
      <types:output-event>
        <types:message>
          <types:payload type="auto_94a55014-34b7-4227-9e87-d1a1160d414b_Output-Payload"/>
          <types:attributes type="auto_94a55014-34b7-4227-9e87-d1a1160d414b_Output-Attributes"/>
        </types:message>
        <types:variables>
          <types:variable name="outboundHeaders" type="null"/>
          <types:variable name="httpStatus" type="auto_94a55014-34b7-4227-9e87-d1a1160d414b_Output-Variables-httpStatus"/>
        </types:variables>
      </types:output-event>
    </types:processor-declaration>
  </types:enrichment>
  <types:enrichment select="#7cdcdff6-94ff-4396-808b-9dda3d4946ca">
    <types:processor-declaration>
      <types:input-event>
        <types:message>
          <types:payload type="auto_7cdcdff6-94ff-4396-808b-9dda3d4946ca_Input-Payload"/>
          <types:attributes type="auto_7cdcdff6-94ff-4396-808b-9dda3d4946ca_Input-Attributes"/>
        </types:message>
        <types:variables>
          <types:variable name="outboundHeaders" type="auto_7cdcdff6-94ff-4396-808b-9dda3d4946ca_Input-Variables-outboundHeaders"/>
          <types:variable name="httpStatus" type="auto_7cdcdff6-94ff-4396-808b-9dda3d4946ca_Input-Variables-httpStatus"/>
        </types:variables>
      </types:input-event>
      <types:output-event>
        <types:message>
          <types:payload type="auto_7cdcdff6-94ff-4396-808b-9dda3d4946ca_Output-Payload"/>
          <types:attributes type="auto_7cdcdff6-94ff-4396-808b-9dda3d4946ca_Output-Attributes"/>
        </types:message>
        <types:variables>
          <types:variable name="outboundHeaders" type="auto_7cdcdff6-94ff-4396-808b-9dda3d4946ca_Output-Variables-outboundHeaders"/>
          <types:variable name="httpStatus" type="auto_7cdcdff6-94ff-4396-808b-9dda3d4946ca_Output-Variables-httpStatus"/>
        </types:variables>
      </types:output-event>
    </types:processor-declaration>
  </types:enrichment>
  <types:enrichment select="#3ec5c687-9ef9-4f55-87ce-ad5bb0081d9d">
    <types:processor-declaration>
      <types:input-event>
        <types:message>
          <types:payload type="auto_3ec5c687-9ef9-4f55-87ce-ad5bb0081d9d_Input-Payload"/>
          <types:attributes type="auto_3ec5c687-9ef9-4f55-87ce-ad5bb0081d9d_Input-Attributes"/>
        </types:message>
        <types:variables>
          <types:variable name="outboundHeaders" type="auto_3ec5c687-9ef9-4f55-87ce-ad5bb0081d9d_Input-Variables-outboundHeaders"/>
          <types:variable name="httpStatus" type="auto_3ec5c687-9ef9-4f55-87ce-ad5bb0081d9d_Input-Variables-httpStatus"/>
        </types:variables>
      </types:input-event>
      <types:output-event>
        <types:message>
          <types:payload type="auto_3ec5c687-9ef9-4f55-87ce-ad5bb0081d9d_Output-Payload"/>
          <types:attributes type="auto_3ec5c687-9ef9-4f55-87ce-ad5bb0081d9d_Output-Attributes"/>
        </types:message>
        <types:variables>
          <types:variable name="outboundHeaders" type="auto_3ec5c687-9ef9-4f55-87ce-ad5bb0081d9d_Output-Variables-outboundHeaders"/>
          <types:variable name="httpStatus" type="auto_3ec5c687-9ef9-4f55-87ce-ad5bb0081d9d_Output-Variables-httpStatus"/>
        </types:variables>
      </types:output-event>
    </types:processor-declaration>
  </types:enrichment>
  <types:enrichment select="#ed875a3b-358c-4ca6-b63a-7155a33bd1a4">
    <types:processor-declaration>
      <types:input-event>
        <types:message>
          <types:payload type="auto_ed875a3b-358c-4ca6-b63a-7155a33bd1a4_Input-Payload"/>
          <types:attributes type="auto_ed875a3b-358c-4ca6-b63a-7155a33bd1a4_Input-Attributes"/>
        </types:message>
        <types:variables>
          <types:variable name="outboundHeaders" type="auto_ed875a3b-358c-4ca6-b63a-7155a33bd1a4_Input-Variables-outboundHeaders"/>
        </types:variables>
      </types:input-event>
      <types:output-event>
        <types:message>
          <types:payload type="auto_ed875a3b-358c-4ca6-b63a-7155a33bd1a4_Output-Payload"/>
          <types:attributes type="auto_ed875a3b-358c-4ca6-b63a-7155a33bd1a4_Output-Attributes"/>
        </types:message>
        <types:variables>
          <types:variable name="sysCheckHost" type="auto_ed875a3b-358c-4ca6-b63a-7155a33bd1a4_Output-Variables-sysCheckHost"/>
          <types:variable name="outboundHeaders" type="auto_ed875a3b-358c-4ca6-b63a-7155a33bd1a4_Output-Variables-outboundHeaders"/>
          <types:variable name="backendSystemStatus" type="auto_ed875a3b-358c-4ca6-b63a-7155a33bd1a4_Output-Variables-backendSystemStatus"/>
          <types:variable name="httpStatus" type="auto_ed875a3b-358c-4ca6-b63a-7155a33bd1a4_Output-Variables-httpStatus"/>
          <types:variable name="checkDependencies" type="auto_ed875a3b-358c-4ca6-b63a-7155a33bd1a4_Output-Variables-checkDependencies"/>
        </types:variables>
      </types:output-event>
    </types:processor-declaration>
  </types:enrichment>
</types:mule>