<?xml version='1.0' encoding='UTF-8'?>
<types:mule xmlns:types="http://www.mulesoft.org/schema/mule/types">
  <types:catalog>
    <types:type name="auto_159de9a6-69cd-455c-8dda-48b97eba2425_Input-Attributes" format="java">
      <types:shape format="weave" example="weave/autogenerated/159de9a6-69cd-455c-8dda-48b97eba2425/Input-Attributes.wev" autogeneratedOrigin="5587fc3f-f9b0-4968-94df-cbaab3da00ad"><![CDATA[%dw 2.0

type auto_159de9a6_69cd_455c_8dda_48b97eba2425_Input_Attributes = {|
  clientCertificate?: {|
    publicKey?: {|  |}, 
    "type"?: String, 
    encoded?: Binary
  |}, 
  headers: {|  |}, 
  listenerPath: String, 
  method: String, 
  queryParams: {|  |}, 
  queryString: String, 
  relativePath: String, 
  remoteAddress: String, 
  requestPath: String, 
  requestUri: String, 
  scheme: String, 
  uriParams: {| accountId: String |}, 
  version: String, 
  localAddress: String
|}

]]></types:shape>
    </types:type>
    <types:type name="auto_159de9a6-69cd-455c-8dda-48b97eba2425_Output-Attributes" format="java">
      <types:shape format="weave" example="weave/autogenerated/159de9a6-69cd-455c-8dda-48b97eba2425/Output-Attributes.wev" autogeneratedOrigin="5587fc3f-f9b0-4968-94df-cbaab3da00ad"><![CDATA[%dw 2.0

type auto_159de9a6_69cd_455c_8dda_48b97eba2425_Output_Attributes = Null

]]></types:shape>
    </types:type>
    <types:type name="auto_159de9a6-69cd-455c-8dda-48b97eba2425_Output-Variables-httpStatus" format="java">
      <types:shape format="raml" autogeneratedOrigin="5587fc3f-f9b0-4968-94df-cbaab3da00ad"><![CDATA[#%RAML 1.0 DataType
type: string]]></types:shape>
    </types:type>
    <types:type name="auto_159de9a6-69cd-455c-8dda-48b97eba2425_Input-Variables-outboundHeaders" format="java">
      <types:shape format="weave" example="weave/autogenerated/159de9a6-69cd-455c-8dda-48b97eba2425/Input-Variables-outboundHeaders.wev" autogeneratedOrigin="5587fc3f-f9b0-4968-94df-cbaab3da00ad"><![CDATA[%dw 2.0

type auto_159de9a6_69cd_455c_8dda_48b97eba2425_Input_Variables_outboundHeaders = {|  |}

]]></types:shape>
    </types:type>
    <types:type name="auto_159de9a6-69cd-455c-8dda-48b97eba2425_Input-Variables-httpStatus" format="java">
      <types:shape format="raml" autogeneratedOrigin="5587fc3f-f9b0-4968-94df-cbaab3da00ad"><![CDATA[#%RAML 1.0 DataType
type: string]]></types:shape>
    </types:type>
    <types:type name="auto_159de9a6-69cd-455c-8dda-48b97eba2425_Output-Variables-accountId" format="java">
      <types:shape format="weave" example="weave/autogenerated/159de9a6-69cd-455c-8dda-48b97eba2425/Output-Variables-accountId.wev" autogeneratedOrigin="5587fc3f-f9b0-4968-94df-cbaab3da00ad"><![CDATA[%dw 2.0

type auto_159de9a6_69cd_455c_8dda_48b97eba2425_Output_Variables_accountId = Any

]]></types:shape>
    </types:type>
    <types:type name="auto_159de9a6-69cd-455c-8dda-48b97eba2425_Input-Payload" format="java">
      <types:shape format="weave" example="weave/autogenerated/159de9a6-69cd-455c-8dda-48b97eba2425/Input-Payload.wev" autogeneratedOrigin="5587fc3f-f9b0-4968-94df-cbaab3da00ad"><![CDATA[%dw 2.0

type auto_159de9a6_69cd_455c_8dda_48b97eba2425_Input_Payload = Any

]]></types:shape>
    </types:type>
    <types:type name="auto_159de9a6-69cd-455c-8dda-48b97eba2425_Output-Payload" format="java">
      <types:shape format="weave" example="weave/autogenerated/159de9a6-69cd-455c-8dda-48b97eba2425/Output-Payload.wev" autogeneratedOrigin="5587fc3f-f9b0-4968-94df-cbaab3da00ad"><![CDATA[%dw 2.0

type auto_159de9a6_69cd_455c_8dda_48b97eba2425_Output_Payload = {|
  billingAddress?: {|
    street: Null, 
    city: Null, 
    state: Null, 
    postalCode: Null, 
    country: Null
  |}, 
  email?: java_lang_Object | Null, 
  errorCode?: String, 
  errorMessage?: String, 
  fax?: java_lang_Object_11 | Null, 
  name?: java_lang_Object_14 | Null, 
  number?: java_lang_Object_17 | Null, 
  phone?: java_lang_Object_20 | Null, 
  shippingAddress?: {|
    street: Null, 
    city: Null, 
    state: Null, 
    postalCode: Null, 
    country: Null
  |}, 
  timeStamp?: DateTime, 
  transactionId?: Null
|}
type java_lang_Object_17 = {|  |} {"typeAlias": "Object",
"class": "java.lang.Object",
"typeId": "java.lang.Object"}


type java_lang_Object = {|  |} {"typeAlias": "Object",
"class": "java.lang.Object",
"typeId": "java.lang.Object"}


type java_lang_Object_20 = {|  |} {"typeAlias": "Object",
"class": "java.lang.Object",
"typeId": "java.lang.Object"}


type java_lang_Object_14 = {|  |} {"typeAlias": "Object",
"class": "java.lang.Object",
"typeId": "java.lang.Object"}


type java_lang_Object_11 = {|  |} {"typeAlias": "Object",
"class": "java.lang.Object",
"typeId": "java.lang.Object"}



]]></types:shape>
    </types:type>
    <types:type name="auto_159de9a6-69cd-455c-8dda-48b97eba2425_Output-Variables-outboundHeaders" format="java">
      <types:shape format="weave" example="weave/autogenerated/159de9a6-69cd-455c-8dda-48b97eba2425/Output-Variables-outboundHeaders.wev" autogeneratedOrigin="5587fc3f-f9b0-4968-94df-cbaab3da00ad"><![CDATA[%dw 2.0

type auto_159de9a6_69cd_455c_8dda_48b97eba2425_Output_Variables_outboundHeaders = {|  |}

]]></types:shape>
    </types:type>
    <types:type name="auto_cd26a566-628f-46f7-8c4a-f598c8df9252_Input-Payload" format="java">
      <types:shape format="weave" example="weave/autogenerated/cd26a566-628f-46f7-8c4a-f598c8df9252/Input-Payload.wev" autogeneratedOrigin="cf82c07b-47ea-4924-98b0-b422c35a37dc"><![CDATA[%dw 2.0

type auto_cd26a566_628f_46f7_8c4a_f598c8df9252_Input_Payload = Any

]]></types:shape>
    </types:type>
    <types:type name="auto_cd26a566-628f-46f7-8c4a-f598c8df9252_Input-Attributes" format="java">
      <types:shape format="weave" example="weave/autogenerated/cd26a566-628f-46f7-8c4a-f598c8df9252/Input-Attributes.wev" autogeneratedOrigin="cf82c07b-47ea-4924-98b0-b422c35a37dc"><![CDATA[%dw 2.0

type auto_cd26a566_628f_46f7_8c4a_f598c8df9252_Input_Attributes = {|
  clientCertificate?: {|
    publicKey?: {|  |}, 
    "type"?: String, 
    encoded?: Binary
  |}, 
  headers: {|  |}, 
  listenerPath: String, 
  method: String, 
  queryParams: {|  |}, 
  queryString: String, 
  relativePath: String, 
  remoteAddress: String, 
  requestPath: String, 
  requestUri: String, 
  scheme: String, 
  uriParams: {| accountId: String |}, 
  version: String, 
  localAddress: String
|}

]]></types:shape>
    </types:type>
    <types:type name="auto_cd26a566-628f-46f7-8c4a-f598c8df9252_Input-Variables-outboundHeaders" format="java">
      <types:shape format="weave" example="weave/autogenerated/cd26a566-628f-46f7-8c4a-f598c8df9252/Input-Variables-outboundHeaders.wev" autogeneratedOrigin="cf82c07b-47ea-4924-98b0-b422c35a37dc"><![CDATA[%dw 2.0

type auto_cd26a566_628f_46f7_8c4a_f598c8df9252_Input_Variables_outboundHeaders = {|  |}

]]></types:shape>
    </types:type>
    <types:type name="auto_cd26a566-628f-46f7-8c4a-f598c8df9252_Input-Variables-httpStatus" format="java">
      <types:shape format="raml" autogeneratedOrigin="cf82c07b-47ea-4924-98b0-b422c35a37dc"><![CDATA[#%RAML 1.0 DataType
type: string]]></types:shape>
    </types:type>
    <types:type name="auto_cd26a566-628f-46f7-8c4a-f598c8df9252_Output-Payload" format="json">
      <types:shape format="weave" example="weave/autogenerated/cd26a566-628f-46f7-8c4a-f598c8df9252/Output-Payload.wev" autogeneratedOrigin="cf82c07b-47ea-4924-98b0-b422c35a37dc"><![CDATA[%dw 2.0

type auto_cd26a566_628f_46f7_8c4a_f598c8df9252_Output_Payload = {
  id?: String | Null, 
  message?: String | Null, 
  status?: "0" | "1", 
  _?: Any
}

]]></types:shape>
    </types:type>
    <types:type name="auto_cd26a566-628f-46f7-8c4a-f598c8df9252_Output-Attributes" format="java">
      <types:shape format="weave" example="weave/autogenerated/cd26a566-628f-46f7-8c4a-f598c8df9252/Output-Attributes.wev" autogeneratedOrigin="cf82c07b-47ea-4924-98b0-b422c35a37dc"><![CDATA[%dw 2.0

type auto_cd26a566_628f_46f7_8c4a_f598c8df9252_Output_Attributes = Null

]]></types:shape>
    </types:type>
    <types:type name="auto_cd26a566-628f-46f7-8c4a-f598c8df9252_Output-Variables-accountId" format="java">
      <types:shape format="weave" example="weave/autogenerated/cd26a566-628f-46f7-8c4a-f598c8df9252/Output-Variables-accountId.wev" autogeneratedOrigin="cf82c07b-47ea-4924-98b0-b422c35a37dc"><![CDATA[%dw 2.0

type auto_cd26a566_628f_46f7_8c4a_f598c8df9252_Output_Variables_accountId = Any

]]></types:shape>
    </types:type>
    <types:type name="auto_cd26a566-628f-46f7-8c4a-f598c8df9252_Output-Variables-outboundHeaders" format="java">
      <types:shape format="weave" example="weave/autogenerated/cd26a566-628f-46f7-8c4a-f598c8df9252/Output-Variables-outboundHeaders.wev" autogeneratedOrigin="cf82c07b-47ea-4924-98b0-b422c35a37dc"><![CDATA[%dw 2.0

type auto_cd26a566_628f_46f7_8c4a_f598c8df9252_Output_Variables_outboundHeaders = {|  |}

]]></types:shape>
    </types:type>
    <types:type name="auto_cd26a566-628f-46f7-8c4a-f598c8df9252_Output-Variables-httpStatus" format="java">
      <types:shape format="raml" autogeneratedOrigin="cf82c07b-47ea-4924-98b0-b422c35a37dc"><![CDATA[#%RAML 1.0 DataType
type: string]]></types:shape>
    </types:type>
    <types:type name="auto_fba1f9df-e7f7-4420-a784-c77adcb92723_Input-Payload" format="json">
      <types:shape format="weave" example="weave/autogenerated/fba1f9df-e7f7-4420-a784-c77adcb92723/Input-Payload.wev" autogeneratedOrigin="918889bf-0108-448b-aee2-d5dcdd181809"><![CDATA[%dw 2.0

type auto_fba1f9df_e7f7_4420_a784_c77adcb92723_Input_Payload = {
  number?: String, 
  phone?: String, 
  name: String, 
  shippingAddress?: {
    country?: String | Null, 
    city?: String | Null, 
    street?: String | Null, 
    postalCode?: String | Null, 
    state?: String | Null, 
    _?: Any
  } {"description": "Shipping Account address"}, 
  billingAddress?: {
    country?: String | Null, 
    city?: String | Null, 
    street?: String | Null, 
    postalCode?: String | Null, 
    state?: String | Null, 
    _?: Any
  } {"description": "Billing Account address"}, 
  fax?: String, 
  email: String, 
  _?: Any
}

]]></types:shape>
    </types:type>
    <types:type name="auto_fba1f9df-e7f7-4420-a784-c77adcb92723_Input-Attributes" format="java">
      <types:shape format="weave" example="weave/autogenerated/fba1f9df-e7f7-4420-a784-c77adcb92723/Input-Attributes.wev" autogeneratedOrigin="918889bf-0108-448b-aee2-d5dcdd181809"><![CDATA[%dw 2.0

type auto_fba1f9df_e7f7_4420_a784_c77adcb92723_Input_Attributes = {|
  clientCertificate?: {|
    publicKey?: {|  |}, 
    "type"?: String, 
    encoded?: Binary
  |}, 
  headers: {|  |}, 
  listenerPath: String, 
  method: String, 
  queryParams: {|  |}, 
  queryString: String, 
  relativePath: String, 
  remoteAddress: String, 
  requestPath: String, 
  requestUri: String, 
  scheme: String, 
  uriParams: {|  |}, 
  version: String, 
  localAddress: String
|}

]]></types:shape>
    </types:type>
    <types:type name="auto_fba1f9df-e7f7-4420-a784-c77adcb92723_Input-Variables-outboundHeaders" format="java">
      <types:shape format="weave" example="weave/autogenerated/fba1f9df-e7f7-4420-a784-c77adcb92723/Input-Variables-outboundHeaders.wev" autogeneratedOrigin="918889bf-0108-448b-aee2-d5dcdd181809"><![CDATA[%dw 2.0

type auto_fba1f9df_e7f7_4420_a784_c77adcb92723_Input_Variables_outboundHeaders = {|  |}

]]></types:shape>
    </types:type>
    <types:type name="auto_fba1f9df-e7f7-4420-a784-c77adcb92723_Input-Variables-httpStatus" format="java">
      <types:shape format="raml" autogeneratedOrigin="918889bf-0108-448b-aee2-d5dcdd181809"><![CDATA[#%RAML 1.0 DataType
type: string]]></types:shape>
    </types:type>
    <types:type name="auto_fba1f9df-e7f7-4420-a784-c77adcb92723_Output-Payload" format="json">
      <types:shape format="weave" example="weave/autogenerated/fba1f9df-e7f7-4420-a784-c77adcb92723/Output-Payload.wev" autogeneratedOrigin="918889bf-0108-448b-aee2-d5dcdd181809"><![CDATA[%dw 2.0

type auto_fba1f9df_e7f7_4420_a784_c77adcb92723_Output_Payload = {
  number?: String, 
  phone?: String, 
  name: String, 
  shippingAddress?: {
    country?: String | Null, 
    city?: String | Null, 
    street?: String | Null, 
    postalCode?: String | Null, 
    state?: String | Null, 
    _?: Any
  } {"description": "Shipping Account address"}, 
  billingAddress?: {
    country?: String | Null, 
    city?: String | Null, 
    street?: String | Null, 
    postalCode?: String | Null, 
    state?: String | Null, 
    _?: Any
  } {"description": "Billing Account address"}, 
  fax?: String, 
  email: String, 
  _?: Any
}

]]></types:shape>
    </types:type>
    <types:type name="auto_fba1f9df-e7f7-4420-a784-c77adcb92723_Output-Attributes" format="java">
      <types:shape format="weave" example="weave/autogenerated/fba1f9df-e7f7-4420-a784-c77adcb92723/Output-Attributes.wev" autogeneratedOrigin="918889bf-0108-448b-aee2-d5dcdd181809"><![CDATA[%dw 2.0

type auto_fba1f9df_e7f7_4420_a784_c77adcb92723_Output_Attributes = {|
  clientCertificate?: {|
    publicKey?: {|  |}, 
    "type"?: String, 
    encoded?: Binary
  |}, 
  headers: {|  |}, 
  listenerPath: String, 
  method: String, 
  queryParams: {|  |}, 
  queryString: String, 
  relativePath: String, 
  remoteAddress: String, 
  requestPath: String, 
  requestUri: String, 
  scheme: String, 
  uriParams: {|  |}, 
  version: String, 
  localAddress: String
|}

]]></types:shape>
    </types:type>
    <types:type name="auto_fba1f9df-e7f7-4420-a784-c77adcb92723_Output-Variables-outboundHeaders" format="java">
      <types:shape format="weave" example="weave/autogenerated/fba1f9df-e7f7-4420-a784-c77adcb92723/Output-Variables-outboundHeaders.wev" autogeneratedOrigin="918889bf-0108-448b-aee2-d5dcdd181809"><![CDATA[%dw 2.0

type auto_fba1f9df_e7f7_4420_a784_c77adcb92723_Output_Variables_outboundHeaders = {|  |}

]]></types:shape>
    </types:type>
    <types:type name="auto_fba1f9df-e7f7-4420-a784-c77adcb92723_Output-Variables-httpStatus" format="java">
      <types:shape format="raml" autogeneratedOrigin="918889bf-0108-448b-aee2-d5dcdd181809"><![CDATA[#%RAML 1.0 DataType
type: string]]></types:shape>
    </types:type>
    <types:type name="auto_26efe636-3856-4a67-bac5-4461231a218f_Input-Variables-checkDependencies" format="java">
      <types:shape format="weave" example="weave/autogenerated/26efe636-3856-4a67-bac5-4461231a218f/Input-Variables-checkDependencies.wev" autogeneratedOrigin="c481cefd-105b-4ce2-9d37-2c9afac6e617"><![CDATA[%dw 2.0

type auto_26efe636_3856_4a67_bac5_4461231a218f_Input_Variables_checkDependencies = Any

]]></types:shape>
    </types:type>
    <types:type name="auto_26efe636-3856-4a67-bac5-4461231a218f_Output-Payload" format="json">
      <types:shape format="weave" example="weave/autogenerated/26efe636-3856-4a67-bac5-4461231a218f/Output-Payload.wev" autogeneratedOrigin="c481cefd-105b-4ce2-9d37-2c9afac6e617"><![CDATA[%dw 2.0

type auto_26efe636_3856_4a67_bac5_4461231a218f_Output_Payload = Array<Nothing>

]]></types:shape>
    </types:type>
    <types:type name="auto_26efe636-3856-4a67-bac5-4461231a218f_Output-Variables-checkDependencies" format="java">
      <types:shape format="weave" example="weave/autogenerated/26efe636-3856-4a67-bac5-4461231a218f/Output-Variables-checkDependencies.wev" autogeneratedOrigin="c481cefd-105b-4ce2-9d37-2c9afac6e617"><![CDATA[%dw 2.0

type auto_26efe636_3856_4a67_bac5_4461231a218f_Output_Variables_checkDependencies = Any

]]></types:shape>
    </types:type>
    <types:type name="auto_a277924d-fce7-4b1e-8bc8-a3aee99f8878_Input-Payload" format="java">
      <types:shape format="weave" example="weave/autogenerated/a277924d-fce7-4b1e-8bc8-a3aee99f8878/Input-Payload.wev" autogeneratedOrigin="47e5f287-9395-4168-933c-6d10fb098c8d"><![CDATA[%dw 2.0

type auto_a277924d_fce7_4b1e_8bc8_a3aee99f8878_Input_Payload = Any

]]></types:shape>
    </types:type>
    <types:type name="auto_a277924d-fce7-4b1e-8bc8-a3aee99f8878_Input-Attributes" format="java">
      <types:shape format="weave" example="weave/autogenerated/a277924d-fce7-4b1e-8bc8-a3aee99f8878/Input-Attributes.wev" autogeneratedOrigin="47e5f287-9395-4168-933c-6d10fb098c8d"><![CDATA[%dw 2.0

type auto_a277924d_fce7_4b1e_8bc8_a3aee99f8878_Input_Attributes = {|
  clientCertificate?: {|
    publicKey?: {|  |}, 
    "type"?: String, 
    encoded?: Binary
  |}, 
  headers: {|  |}, 
  listenerPath: String, 
  method: String, 
  queryParams: {| checkDependencies?: Boolean |}, 
  queryString: String, 
  relativePath: String, 
  remoteAddress: String, 
  requestPath: String, 
  requestUri: String, 
  scheme: String, 
  uriParams: {|  |}, 
  version: String, 
  localAddress: String
|}

]]></types:shape>
    </types:type>
    <types:type name="auto_a277924d-fce7-4b1e-8bc8-a3aee99f8878_Input-Variables-outboundHeaders" format="java">
      <types:shape format="weave" example="weave/autogenerated/a277924d-fce7-4b1e-8bc8-a3aee99f8878/Input-Variables-outboundHeaders.wev" autogeneratedOrigin="47e5f287-9395-4168-933c-6d10fb098c8d"><![CDATA[%dw 2.0

type auto_a277924d_fce7_4b1e_8bc8_a3aee99f8878_Input_Variables_outboundHeaders = {|  |}

]]></types:shape>
    </types:type>
    <types:type name="auto_a277924d-fce7-4b1e-8bc8-a3aee99f8878_Output-Payload" format="json">
      <types:shape format="weave" example="weave/autogenerated/a277924d-fce7-4b1e-8bc8-a3aee99f8878/Output-Payload.wev" autogeneratedOrigin="47e5f287-9395-4168-933c-6d10fb098c8d"><![CDATA[%dw 2.0

type auto_a277924d_fce7_4b1e_8bc8_a3aee99f8878_Output_Payload = {
  apiName: String, 
  apiVersion: String, 
  status: "DEGRADED" | "OK" | "OFFLINE", 
  timestamp: String, 
  dependencies?: Array<{    name: String,     status: "DOWN" | "ERROR" | "UP",     _?: Any  } {"description": "Represents a dependency status result for ping responses"}> {"description": "Optional list of connections this API is dependent upon"}, 
  _?: Any
} {"description": "Represents a standard response structure for API health checks"}

]]></types:shape>
    </types:type>
    <types:type name="auto_a277924d-fce7-4b1e-8bc8-a3aee99f8878_Output-Attributes" format="java">
      <types:shape format="weave" example="weave/autogenerated/a277924d-fce7-4b1e-8bc8-a3aee99f8878/Output-Attributes.wev" autogeneratedOrigin="47e5f287-9395-4168-933c-6d10fb098c8d"><![CDATA[%dw 2.0

type auto_a277924d_fce7_4b1e_8bc8_a3aee99f8878_Output_Attributes = {|
  clientCertificate?: {|
    publicKey?: {|  |}, 
    "type"?: String, 
    encoded?: Binary
  |}, 
  headers: {|  |}, 
  listenerPath: String, 
  method: String, 
  queryParams: {| checkDependencies?: Boolean |}, 
  queryString: String, 
  relativePath: String, 
  remoteAddress: String, 
  requestPath: String, 
  requestUri: String, 
  scheme: String, 
  uriParams: {|  |}, 
  version: String, 
  localAddress: String
|}

]]></types:shape>
    </types:type>
    <types:type name="auto_a277924d-fce7-4b1e-8bc8-a3aee99f8878_Output-Variables-httpStatus" format="java">
      <types:shape format="raml" autogeneratedOrigin="47e5f287-9395-4168-933c-6d10fb098c8d"><![CDATA[#%RAML 1.0 DataType
type: string]]></types:shape>
    </types:type>
    <types:type name="auto_a277924d-fce7-4b1e-8bc8-a3aee99f8878_Output-Variables-dependencyList" format="java">
      <types:shape format="weave" example="weave/autogenerated/a277924d-fce7-4b1e-8bc8-a3aee99f8878/Output-Variables-dependencyList.wev" autogeneratedOrigin="47e5f287-9395-4168-933c-6d10fb098c8d"><![CDATA[%dw 2.0

type auto_a277924d_fce7_4b1e_8bc8_a3aee99f8878_Output_Variables_dependencyList = Null

]]></types:shape>
    </types:type>
    <types:type name="auto_a277924d-fce7-4b1e-8bc8-a3aee99f8878_Output-Variables-checkDependencies" format="java">
      <types:shape format="weave" example="weave/autogenerated/a277924d-fce7-4b1e-8bc8-a3aee99f8878/Output-Variables-checkDependencies.wev" autogeneratedOrigin="47e5f287-9395-4168-933c-6d10fb098c8d"><![CDATA[%dw 2.0

type auto_a277924d_fce7_4b1e_8bc8_a3aee99f8878_Output_Variables_checkDependencies = Any

]]></types:shape>
    </types:type>
    <types:type name="auto_a277924d-fce7-4b1e-8bc8-a3aee99f8878_Output-Variables-outboundHeaders" format="java">
      <types:shape format="weave" example="weave/autogenerated/a277924d-fce7-4b1e-8bc8-a3aee99f8878/Output-Variables-outboundHeaders.wev" autogeneratedOrigin="47e5f287-9395-4168-933c-6d10fb098c8d"><![CDATA[%dw 2.0

type auto_a277924d_fce7_4b1e_8bc8_a3aee99f8878_Output_Variables_outboundHeaders = {|  |}

]]></types:shape>
    </types:type>
  </types:catalog>
  <types:enrichment select="#159de9a6-69cd-455c-8dda-48b97eba2425">
    <types:processor-declaration>
      <types:input-event>
        <types:message>
          <types:payload type="auto_159de9a6-69cd-455c-8dda-48b97eba2425_Input-Payload"/>
          <types:attributes type="auto_159de9a6-69cd-455c-8dda-48b97eba2425_Input-Attributes"/>
        </types:message>
        <types:variables>
          <types:variable name="outboundHeaders" type="auto_159de9a6-69cd-455c-8dda-48b97eba2425_Input-Variables-outboundHeaders"/>
          <types:variable name="httpStatus" type="auto_159de9a6-69cd-455c-8dda-48b97eba2425_Input-Variables-httpStatus"/>
        </types:variables>
      </types:input-event>
      <types:output-event>
        <types:message>
          <types:payload type="auto_159de9a6-69cd-455c-8dda-48b97eba2425_Output-Payload"/>
          <types:attributes type="auto_159de9a6-69cd-455c-8dda-48b97eba2425_Output-Attributes"/>
        </types:message>
        <types:variables>
          <types:variable name="accountId" type="auto_159de9a6-69cd-455c-8dda-48b97eba2425_Output-Variables-accountId"/>
          <types:variable name="outboundHeaders" type="auto_159de9a6-69cd-455c-8dda-48b97eba2425_Output-Variables-outboundHeaders"/>
          <types:variable name="httpStatus" type="auto_159de9a6-69cd-455c-8dda-48b97eba2425_Output-Variables-httpStatus"/>
        </types:variables>
      </types:output-event>
    </types:processor-declaration>
  </types:enrichment>
  <types:enrichment select="#cd26a566-628f-46f7-8c4a-f598c8df9252">
    <types:processor-declaration>
      <types:input-event>
        <types:message>
          <types:payload type="auto_cd26a566-628f-46f7-8c4a-f598c8df9252_Input-Payload"/>
          <types:attributes type="auto_cd26a566-628f-46f7-8c4a-f598c8df9252_Input-Attributes"/>
        </types:message>
        <types:variables>
          <types:variable name="outboundHeaders" type="auto_cd26a566-628f-46f7-8c4a-f598c8df9252_Input-Variables-outboundHeaders"/>
          <types:variable name="httpStatus" type="auto_cd26a566-628f-46f7-8c4a-f598c8df9252_Input-Variables-httpStatus"/>
        </types:variables>
      </types:input-event>
      <types:output-event>
        <types:message>
          <types:payload type="auto_cd26a566-628f-46f7-8c4a-f598c8df9252_Output-Payload"/>
          <types:attributes type="auto_cd26a566-628f-46f7-8c4a-f598c8df9252_Output-Attributes"/>
        </types:message>
        <types:variables>
          <types:variable name="accountId" type="auto_cd26a566-628f-46f7-8c4a-f598c8df9252_Output-Variables-accountId"/>
          <types:variable name="outboundHeaders" type="auto_cd26a566-628f-46f7-8c4a-f598c8df9252_Output-Variables-outboundHeaders"/>
          <types:variable name="httpStatus" type="auto_cd26a566-628f-46f7-8c4a-f598c8df9252_Output-Variables-httpStatus"/>
        </types:variables>
      </types:output-event>
    </types:processor-declaration>
  </types:enrichment>
  <types:enrichment select="#fba1f9df-e7f7-4420-a784-c77adcb92723">
    <types:processor-declaration>
      <types:input-event>
        <types:message>
          <types:payload type="auto_fba1f9df-e7f7-4420-a784-c77adcb92723_Input-Payload"/>
          <types:attributes type="auto_fba1f9df-e7f7-4420-a784-c77adcb92723_Input-Attributes"/>
        </types:message>
        <types:variables>
          <types:variable name="outboundHeaders" type="auto_fba1f9df-e7f7-4420-a784-c77adcb92723_Input-Variables-outboundHeaders"/>
          <types:variable name="httpStatus" type="auto_fba1f9df-e7f7-4420-a784-c77adcb92723_Input-Variables-httpStatus"/>
        </types:variables>
      </types:input-event>
      <types:output-event>
        <types:message>
          <types:payload type="auto_fba1f9df-e7f7-4420-a784-c77adcb92723_Output-Payload"/>
          <types:attributes type="auto_fba1f9df-e7f7-4420-a784-c77adcb92723_Output-Attributes"/>
        </types:message>
        <types:variables>
          <types:variable name="outboundHeaders" type="auto_fba1f9df-e7f7-4420-a784-c77adcb92723_Output-Variables-outboundHeaders"/>
          <types:variable name="httpStatus" type="auto_fba1f9df-e7f7-4420-a784-c77adcb92723_Output-Variables-httpStatus"/>
        </types:variables>
      </types:output-event>
    </types:processor-declaration>
  </types:enrichment>
  <types:enrichment select="#26efe636-3856-4a67-bac5-4461231a218f">
    <types:processor-declaration>
      <types:input-event>
        <types:variables>
          <types:variable name="checkDependencies" type="auto_26efe636-3856-4a67-bac5-4461231a218f_Input-Variables-checkDependencies"/>
        </types:variables>
      </types:input-event>
      <types:output-event>
        <types:message>
          <types:payload type="auto_26efe636-3856-4a67-bac5-4461231a218f_Output-Payload"/>
        </types:message>
        <types:variables>
          <types:variable name="checkDependencies" type="auto_26efe636-3856-4a67-bac5-4461231a218f_Output-Variables-checkDependencies"/>
        </types:variables>
      </types:output-event>
    </types:processor-declaration>
  </types:enrichment>
  <types:enrichment select="#a277924d-fce7-4b1e-8bc8-a3aee99f8878">
    <types:processor-declaration>
      <types:input-event>
        <types:message>
          <types:payload type="auto_a277924d-fce7-4b1e-8bc8-a3aee99f8878_Input-Payload"/>
          <types:attributes type="auto_a277924d-fce7-4b1e-8bc8-a3aee99f8878_Input-Attributes"/>
        </types:message>
        <types:variables>
          <types:variable name="outboundHeaders" type="auto_a277924d-fce7-4b1e-8bc8-a3aee99f8878_Input-Variables-outboundHeaders"/>
        </types:variables>
      </types:input-event>
      <types:output-event>
        <types:message>
          <types:payload type="auto_a277924d-fce7-4b1e-8bc8-a3aee99f8878_Output-Payload"/>
          <types:attributes type="auto_a277924d-fce7-4b1e-8bc8-a3aee99f8878_Output-Attributes"/>
        </types:message>
        <types:variables>
          <types:variable name="outboundHeaders" type="auto_a277924d-fce7-4b1e-8bc8-a3aee99f8878_Output-Variables-outboundHeaders"/>
          <types:variable name="httpStatus" type="auto_a277924d-fce7-4b1e-8bc8-a3aee99f8878_Output-Variables-httpStatus"/>
          <types:variable name="dependencyList" type="auto_a277924d-fce7-4b1e-8bc8-a3aee99f8878_Output-Variables-dependencyList"/>
          <types:variable name="checkDependencies" type="auto_a277924d-fce7-4b1e-8bc8-a3aee99f8878_Output-Variables-checkDependencies"/>
        </types:variables>
      </types:output-event>
    </types:processor-declaration>
  </types:enrichment>
</types:mule>